Id,LotArea,Street,Neighborhood,YearBuilt,YearRemodAdd,RoofStyle,FullBath,HalfBath,BedroomAbvGr,GarageCars,PavedDrive,PoolArea,SalePrice
1,8450,Pave,CollgCr,2003,2003,Gable,2,1,3,2,Y,0,208500
2,9600,Pave,Veenker,1976,1976,Gable,2,0,3,2,Y,0,181500
3,11250,Pave,CollgCr,2001,2002,Gable,2,1,3,2,Y,0,223500
4,9550,Pave,Crawfor,1915,1970,Gable,1,0,3,3,Y,0,140000
5,14260,Pave,NoRidge,2000,2000,Gable,2,1,4,3,Y,0,250000
6,14115,Pave,Mitchel,1993,1995,Gable,1,1,1,2,Y,0,143000
7,10084,Pave,Somerst,2004,2005,Gable,2,0,3,2,Y,0,307000
8,10382,Pave,NWAmes,1973,1973,Gable,2,1,3,2,Y,0,200000
9,6120,Pave,OldTown,1931,1950,Gable,2,0,2,2,Y,0,129900
10,7420,Pave,BrkSide,1939,1950,Gable,1,0,2,1,Y,0,118000
11,11200,Pave,Sawyer,1965,1965,Hip,1,0,3,1,Y,0,129500
12,11924,Pave,NridgHt,2005,2006,Hip,3,0,4,3,Y,0,345000
13,12968,Pave,Sawyer,1962,1962,Hip,1,0,2,1,Y,0,144000
14,10652,Pave,CollgCr,2006,2007,Gable,2,0,3,3,Y,0,279500
15,10920,Pave,NAmes,1960,1960,Hip,1,1,2,1,Y,0,157000
16,6120,Pave,BrkSide,1929,2001,Gable,1,0,2,2,Y,0,132000
17,11241,Pave,NAmes,1970,1970,Gable,1,0,2,2,Y,0,149000
18,10791,Pave,Sawyer,1967,1967,Gable,2,0,2,2,Y,0,90000
19,13695,Pave,SawyerW,2004,2004,Gable,1,1,3,2,Y,0,159000
20,7560,Pave,NAmes,1958,1965,Hip,1,0,3,1,Y,0,139000
21,14215,Pave,NridgHt,2005,2006,Gable,3,1,4,3,Y,0,325300
22,7449,Pave,IDOTRR,1930,1950,Gable,1,0,3,1,N,0,139400
23,9742,Pave,CollgCr,2002,2002,Hip,2,0,3,2,Y,0,230000
24,4224,Pave,MeadowV,1976,1976,Gable,1,0,3,2,Y,0,129900
25,8246,Pave,Sawyer,1968,2001,Gable,1,0,3,1,Y,0,154000
26,14230,Pave,NridgHt,2007,2007,Gable,2,0,3,3,Y,0,256300
27,7200,Pave,NAmes,1951,2000,Gable,1,0,3,2,Y,0,134800
28,11478,Pave,NridgHt,2007,2008,Gable,2,0,3,3,Y,0,306000
29,16321,Pave,NAmes,1957,1997,Gable,1,0,2,1,Y,0,207500
30,6324,Pave,BrkSide,1927,1950,Gable,1,0,1,1,Y,0,68500
31,8500,Pave,IDOTRR,1920,1950,Gambrel,1,0,3,1,N,0,40000
32,8544,Pave,Sawyer,1966,2006,Gable,1,1,3,1,Y,0,149350
33,11049,Pave,CollgCr,2007,2007,Gable,2,0,3,2,Y,0,179900
34,10552,Pave,NAmes,1959,1959,Hip,1,1,4,2,Y,0,165500
35,7313,Pave,NridgHt,2005,2005,Hip,2,0,2,2,Y,0,277500
36,13418,Pave,NridgHt,2004,2005,Gable,3,1,4,3,Y,0,309000
37,10859,Pave,CollgCr,1994,1995,Gable,1,1,3,2,Y,0,145000
38,8532,Pave,NAmes,1954,1990,Hip,1,0,3,2,Y,0,153000
39,7922,Pave,NAmes,1953,2007,Gable,1,0,3,1,Y,0,109000
40,6040,Pave,Edwards,1955,1955,Gable,2,0,2,0,N,0,82000
41,8658,Pave,NAmes,1965,1965,Gable,2,0,3,2,Y,0,160000
42,16905,Pave,Timber,1959,1959,Gable,1,1,2,1,P,0,170000
43,9180,Pave,SawyerW,1983,1983,Gable,1,0,2,2,Y,0,144000
44,9200,Pave,CollgCr,1975,1980,Hip,1,0,3,1,Y,0,130250
45,7945,Pave,NAmes,1959,1959,Gable,1,0,3,1,Y,0,141000
46,7658,Pave,NridgHt,2005,2005,Hip,2,0,2,2,Y,0,319900
47,12822,Pave,Mitchel,2003,2003,Gable,1,1,1,2,Y,0,239686
48,11096,Pave,Somerst,2006,2006,Gable,2,0,3,3,Y,0,249700
49,4456,Pave,OldTown,1920,2008,Gable,2,0,2,0,N,0,113000
50,7742,Pave,Sawyer,1966,1966,Gable,1,0,3,1,Y,0,127000
51,13869,Pave,Gilbert,1997,1997,Gable,2,0,3,2,Y,0,177000
52,6240,Pave,BrkSide,1934,1950,Gable,1,0,3,2,Y,0,114500
53,8472,Grvl,IDOTRR,1963,1963,Gable,1,0,2,2,Y,0,110000
54,50271,Pave,Veenker,1981,1987,Gable,0,1,0,3,Y,0,385000
55,7134,Pave,NAmes,1955,1955,Gable,1,0,3,2,Y,0,130000
56,10175,Pave,NAmes,1964,1964,Gable,2,0,3,2,Y,0,180500
57,2645,Pave,Somerst,1999,2000,Gable,2,1,3,2,Y,0,172500
58,11645,Pave,CollgCr,2004,2004,Gable,2,1,3,2,Y,0,196500
59,13682,Pave,StoneBr,2006,2006,Hip,3,1,3,3,Y,0,438780
60,7200,Pave,CollgCr,1972,1972,Gable,1,0,2,1,Y,0,124900
61,13072,Pave,SawyerW,2004,2004,Gable,1,1,3,2,Y,0,158000
62,7200,Pave,IDOTRR,1920,1996,Gable,1,0,3,1,N,0,101000
63,6442,Pave,NridgHt,2006,2006,Gable,2,0,2,2,Y,0,202500
64,10300,Pave,OldTown,1921,1950,Gable,2,0,3,2,Y,0,140000
65,9375,Pave,CollgCr,1997,1998,Gable,2,1,3,2,Y,0,219500
66,9591,Pave,NridgHt,2004,2005,Gable,2,1,4,3,Y,0,317000
67,19900,Pave,NAmes,1970,1989,Gable,2,0,3,2,Y,0,180000
68,10665,Pave,CollgCr,2003,2003,Gable,2,0,3,2,Y,0,226000
69,4608,Pave,OldTown,1945,1950,Gable,1,0,2,1,Y,0,80000
70,15593,Pave,ClearCr,1953,1953,Gable,2,0,3,2,Y,0,225000
71,13651,Pave,NAmes,1973,1973,Gable,2,0,3,2,Y,0,244000
72,7599,Pave,Mitchel,1982,2006,Gable,1,0,2,2,Y,0,129500
73,10141,Pave,Gilbert,1998,1998,Gable,2,1,3,2,Y,0,185000
74,10200,Pave,NAmes,1954,2003,Gable,1,0,3,2,Y,0,144900
75,5790,Pave,OldTown,1915,1950,Gambrel,2,0,3,1,Y,0,107400
76,1596,Pave,MeadowV,1973,1973,Gable,1,0,2,1,Y,0,91000
77,8475,Pave,NAmes,1956,1956,Gable,1,0,2,1,Y,0,135750
78,8635,Pave,BrkSide,1948,2001,Gable,1,0,2,1,Y,0,127000
79,10778,Pave,Sawyer,1968,1968,Hip,2,0,4,0,Y,0,136500
80,10440,Pave,OldTown,1910,1981,Gable,1,1,2,2,Y,0,110000
81,13000,Pave,NAmes,1968,1968,Gable,2,1,4,1,Y,0,193500
82,4500,Pave,Mitchel,1998,1998,Hip,2,0,2,2,Y,0,153500
83,10206,Pave,Somerst,2007,2007,Gable,2,0,3,3,Y,0,245000
84,8892,Pave,NAmes,1960,1960,Gable,1,1,3,2,Y,0,126500
85,8530,Pave,Gilbert,1995,1996,Gable,2,1,3,2,Y,0,168500
86,16059,Pave,NoRidge,1991,1992,Hip,2,1,4,2,Y,0,260000
87,11911,Pave,Gilbert,2005,2005,Gable,2,1,3,2,Y,0,174000
88,3951,Pave,Somerst,2009,2009,Gable,2,1,2,2,Y,0,164500
89,8470,Pave,IDOTRR,1915,1982,Hip,1,0,2,0,N,0,85000
90,8070,Pave,CollgCr,1994,1995,Gable,1,0,3,0,Y,0,123600
91,7200,Pave,NAmes,1950,1950,Gable,1,0,2,2,Y,0,109900
92,8500,Pave,NAmes,1961,1961,Hip,1,0,2,2,Y,0,98600
93,13360,Pave,Crawfor,1921,2006,Gable,1,0,2,2,Y,0,163500
94,7200,Pave,OldTown,1910,1998,Hip,2,0,4,2,Y,0,133900
95,9337,Pave,CollgCr,1997,1997,Gable,2,1,3,2,Y,0,204750
96,9765,Pave,Gilbert,1993,1993,Gable,2,1,3,2,Y,0,185000
97,10264,Pave,CollgCr,1999,1999,Gable,2,0,3,2,Y,0,214000
98,10921,Pave,Edwards,1965,1965,Hip,1,0,3,1,P,0,94750
99,10625,Pave,Edwards,1920,1950,Gable,1,0,2,1,Y,0,83000
100,9320,Pave,NAmes,1959,1959,Gable,1,1,3,0,Y,0,128950
101,10603,Pave,NWAmes,1977,2001,Gable,2,0,3,2,Y,0,205000
102,9206,Pave,SawyerW,1985,1985,Gable,2,1,3,2,Y,0,178000
103,7018,Pave,SawyerW,1979,1979,Gable,2,0,4,2,Y,0,118964
104,10402,Pave,CollgCr,2009,2009,Gable,2,0,3,3,Y,0,198900
105,7758,Pave,IDOTRR,1931,1950,Gable,1,1,4,1,Y,0,169500
106,9375,Pave,Somerst,2003,2004,Hip,2,1,3,2,Y,0,250000
107,10800,Pave,OldTown,1885,1995,Mansard,1,0,2,1,N,0,100000
108,6000,Pave,OldTown,1948,1950,Gable,1,0,2,1,Y,0,115000
109,8500,Pave,IDOTRR,1919,2005,Gable,2,0,3,0,N,0,115000
110,11751,Pave,NWAmes,1977,1977,Hip,2,0,3,2,Y,0,190000
111,9525,Pave,Edwards,1954,1972,Gable,2,0,4,1,Y,0,136900
112,7750,Pave,Gilbert,2000,2000,Gable,2,1,3,2,Y,0,180000
113,9965,Pave,CollgCr,2007,2007,Gable,2,1,4,3,Y,0,383970
114,21000,Pave,Crawfor,1953,1953,Hip,2,0,3,2,Y,0,217000
115,7259,Pave,Crawfor,1945,2002,Gambrel,2,1,3,1,Y,0,259500
116,3230,Pave,Somerst,1999,1999,Gable,2,1,2,2,Y,0,176000
117,11616,Pave,Sawyer,1962,1962,Gable,1,0,3,1,Y,0,139000
118,8536,Pave,Edwards,2006,2007,Gable,1,1,2,2,Y,0,155000
119,12376,Pave,SawyerW,1990,1990,Hip,3,0,5,3,Y,0,320000
120,8461,Pave,CollgCr,2005,2006,Gable,2,1,3,2,Y,0,163990
121,21453,Pave,ClearCr,1969,1969,Flat,1,0,1,2,Y,0,180000
122,6060,Pave,IDOTRR,1939,1950,Gable,1,0,3,1,P,0,100000
123,9464,Pave,NAmes,1958,1958,Hip,1,0,3,1,Y,0,136000
124,7892,Pave,SawyerW,1993,1993,Gable,2,0,2,2,Y,0,153900
125,17043,Pave,NWAmes,1979,1998,Gable,2,0,3,2,Y,0,181000
126,6780,Pave,IDOTRR,1935,1982,Gable,1,0,2,0,N,0,84500
127,4928,Pave,NPkVill,1976,1976,Gable,2,0,2,2,Y,0,128000
128,4388,Pave,OldTown,1930,1950,Gable,1,0,3,0,N,0,87000
129,7590,Pave,NAmes,1966,1966,Gable,1,1,3,2,Y,0,155000
130,8973,Pave,NAmes,1958,1991,Gable,1,1,3,2,Y,0,150000
131,14200,Pave,NAmes,1966,1966,Gable,2,1,4,2,Y,0,226000
132,12224,Pave,Gilbert,2000,2000,Gable,2,1,3,2,Y,0,244000
133,7388,Pave,NAmes,1959,2002,Gable,1,0,3,2,Y,0,150750
134,6853,Pave,Timber,2001,2002,Gable,2,0,2,2,Y,0,220000
135,10335,Pave,Sawyer,1968,1993,Gable,2,1,3,2,Y,0,180000
136,10400,Pave,NWAmes,1970,1970,Hip,2,0,3,2,Y,0,174000
137,10355,Pave,NAmes,1967,1967,Gable,2,0,3,1,Y,0,143000
138,11070,Pave,Mitchel,1988,1989,Gable,3,0,5,3,Y,0,171000
139,9066,Pave,CollgCr,1999,2000,Gable,2,1,3,3,Y,0,230000
140,15426,Pave,CollgCr,1997,1997,Gable,2,1,3,2,Y,0,231500
141,10500,Pave,NAmes,1971,1971,Gable,1,0,3,0,Y,0,115000
142,11645,Pave,CollgCr,2005,2005,Gable,2,0,3,2,Y,0,260000
143,8520,Pave,NAmes,1952,1952,Gable,2,0,4,2,Y,0,166000
144,10335,Pave,CollgCr,1999,1999,Gable,2,0,3,2,Y,0,204000
145,9100,Pave,Sawyer,1963,1963,Gable,2,0,6,2,Y,0,125000
146,2522,Pave,Edwards,2004,2006,Gable,2,0,3,2,Y,0,130000
147,6120,Pave,BrkSide,1931,1993,Gable,1,0,2,1,Y,0,105000
148,9505,Pave,Gilbert,2001,2001,Gable,2,1,3,2,Y,0,222500
149,7500,Pave,SawyerW,2004,2005,Gable,1,0,3,0,Y,0,141000
150,6240,Pave,BrkSide,1936,1950,Gable,1,0,3,1,Y,0,115000
151,10356,Pave,CollgCr,1975,1975,Gable,1,1,3,2,Y,0,122000
152,13891,Pave,NridgHt,2007,2008,Hip,2,0,2,3,Y,0,372402
153,14803,Pave,NWAmes,1971,1971,Gable,2,1,4,2,Y,0,190000
154,13500,Pave,ClearCr,1960,1975,Flat,1,0,1,2,Y,0,235000
155,11340,Pave,OldTown,1923,1950,Gable,1,0,4,1,Y,0,125000
156,9600,Pave,Edwards,1924,1950,Gable,1,0,2,0,N,0,79000
157,7200,Pave,NAmes,1950,1950,Hip,1,0,2,2,Y,0,109500
158,12003,Pave,Timber,2009,2010,Gable,2,1,4,3,Y,0,269500
159,12552,Pave,Somerst,2004,2005,Gable,2,1,3,2,Y,0,254900
160,19378,Pave,Gilbert,2005,2006,Gable,2,1,4,2,Y,0,320000
161,11120,Pave,Veenker,1984,1984,Gable,2,0,3,2,Y,0,162500
162,13688,Pave,NridgHt,2003,2004,Gable,2,1,3,3,Y,0,412500
163,12182,Pave,NridgHt,2005,2005,Gable,2,0,3,2,Y,0,220000
164,5500,Pave,OldTown,1956,1956,Gable,1,0,1,0,Y,0,103200
165,5400,Pave,OldTown,1926,2004,Gable,2,0,3,1,Y,0,152000
166,10106,Pave,Edwards,1940,1999,Gable,2,0,4,0,Y,0,127500
167,10708,Pave,ClearCr,1955,1993,Hip,1,0,2,1,Y,0,190000
168,10562,Pave,NridgHt,2007,2007,Gable,1,1,3,3,Y,0,325624
169,8244,Pave,Gilbert,2004,2004,Gable,2,1,3,2,Y,0,183500
170,16669,Pave,Timber,1981,1981,Hip,2,1,2,2,Y,0,228000
171,12358,Pave,OldTown,1941,1950,Gable,1,1,2,2,Y,0,128500
172,31770,Pave,NAmes,1960,1960,Hip,1,0,3,2,P,0,215000
173,5306,Pave,StoneBr,1987,1987,Gable,2,0,2,2,Y,0,239000
174,10197,Pave,NAmes,1961,1961,Gable,1,1,3,2,Y,0,163000
175,12416,Pave,Timber,1986,1986,Gable,2,0,3,2,Y,0,184000
176,12615,Pave,Edwards,1950,2001,Gable,2,0,4,2,Y,0,243000
177,10029,Pave,ClearCr,1988,1989,Gable,2,1,4,2,Y,0,211000
178,13650,Pave,Sawyer,1958,1958,Gable,2,0,4,2,Y,0,172500
179,17423,Pave,StoneBr,2008,2009,Hip,2,0,1,3,Y,0,501837
180,8520,Pave,OldTown,1923,2006,Gable,1,0,2,2,N,0,100000
181,2117,Pave,Somerst,2000,2000,Gable,2,1,3,2,Y,0,177000
182,7588,Pave,Crawfor,1920,1950,Gable,1,1,4,1,Y,0,200100
183,9060,Pave,Edwards,1957,2006,Hip,1,0,3,1,Y,0,120000
184,11426,Pave,OldTown,2003,2003,Gable,2,1,3,2,N,0,200000
185,7438,Pave,BrkSide,1908,1991,Gable,1,0,3,2,Y,0,127000
186,22950,Pave,OldTown,1892,1993,Gable,2,1,4,3,Y,0,475000
187,9947,Pave,Mitchel,1990,1991,Gable,2,0,3,2,Y,0,173000
188,10410,Pave,OldTown,1916,1987,Gable,2,1,3,1,N,0,135000
189,7018,Pave,SawyerW,1979,1979,Gable,0,2,2,2,Y,0,153337
190,4923,Pave,StoneBr,2001,2002,Gable,1,1,0,2,Y,0,286000
191,10570,Pave,Crawfor,1932,1994,Hip,2,1,3,2,Y,0,315000
192,7472,Pave,NAmes,1972,2004,Gable,1,1,4,2,Y,0,184000
193,9017,Pave,CollgCr,1999,1999,Gable,2,0,3,2,Y,0,192000
194,2522,Pave,Edwards,2004,2004,Gable,2,0,3,2,Y,0,130000
195,7180,Pave,CollgCr,1972,1972,Hip,1,0,3,1,Y,0,127000
196,2280,Pave,NPkVill,1976,1976,Gable,2,1,3,2,Y,0,148500
197,9416,Pave,Somerst,2007,2007,Hip,2,0,3,3,Y,0,311872
198,25419,Pave,NAmes,1918,1990,Gable,2,0,4,2,Y,512,235000
199,5520,Pave,OldTown,1912,1950,Gable,1,0,5,0,Y,0,104000
200,9591,Pave,NridgHt,2004,2005,Hip,2,0,3,3,Y,0,274900
201,8546,Pave,Edwards,2003,2004,Gable,2,0,2,2,Y,0,140000
202,10125,Pave,Mitchel,1977,1977,Gable,2,0,3,2,Y,0,171500
203,7000,Pave,OldTown,1924,1950,Gable,2,0,2,1,Y,0,112000
204,4438,Pave,CollgCr,2004,2004,Gable,1,0,1,2,Y,0,149000
205,3500,Pave,OldTown,1947,1950,Gable,1,1,2,1,Y,0,110000
206,11851,Pave,Gilbert,1990,1990,Gable,2,0,3,2,Y,0,180500
207,13673,Pave,Sawyer,1962,1962,Gable,1,1,3,1,Y,0,143900
208,12493,Pave,NAmes,1960,1960,Gable,1,0,3,1,Y,0,141000
209,14364,Pave,SawyerW,1988,1989,Gable,2,1,3,2,Y,0,277000
210,8250,Pave,NAmes,1964,1964,Hip,1,0,3,2,Y,0,145000
211,5604,Pave,Edwards,1925,1950,Gable,1,0,2,0,Y,0,98000
212,10420,Pave,Edwards,2009,2009,Gable,2,0,3,2,Y,0,186000
213,8640,Pave,Somerst,2009,2009,Gable,2,1,3,2,Y,0,252678
214,13568,Pave,CollgCr,1995,1995,Gable,1,0,3,2,Y,0,156000
215,10900,Pave,CollgCr,1977,1977,Gable,1,1,3,1,Y,0,161750
216,10011,Pave,NAmes,1957,1996,Gable,1,0,2,1,Y,0,134450
217,8450,Pave,CollgCr,2004,2004,Gable,2,0,3,2,Y,0,210000
218,9906,Pave,OldTown,1925,1950,Gable,1,0,3,1,Y,0,107000
219,15660,Pave,Crawfor,1939,2006,Gable,1,1,3,2,Y,0,311500
220,3010,Pave,Blmngtn,2005,2006,Gable,2,0,2,2,Y,0,167240
221,8990,Pave,CollgCr,2006,2006,Gable,2,0,2,2,Y,0,204900
222,8068,Pave,Gilbert,2002,2002,Gable,2,1,4,2,Y,0,200000
223,11475,Pave,NWAmes,1975,1975,Gable,2,1,3,2,Y,0,179900
224,10500,Pave,NAmes,1971,1971,Gable,1,0,2,2,Y,0,97000
225,13472,Pave,NridgHt,2003,2003,Hip,2,0,3,3,Y,0,386250
226,1680,Pave,BrDale,1971,1971,Gable,2,1,3,1,Y,0,112000
227,9950,Pave,NoRidge,1995,1995,Gable,2,1,4,3,Y,0,290000
228,1869,Pave,BrDale,1970,1970,Gable,1,1,2,1,Y,0,106000
229,8521,Pave,Sawyer,1967,1967,Gable,1,0,3,1,Y,0,125000
230,3182,Pave,Blmngtn,2005,2006,Gable,2,0,2,2,Y,0,192500
231,8760,Pave,NAmes,1959,1959,Hip,1,0,3,1,Y,0,148000
232,15138,Pave,NoRidge,1995,1996,Gable,2,1,4,3,Y,0,403000
233,1680,Pave,BrDale,1972,1972,Gable,1,1,2,1,Y,0,94500
234,10650,Pave,CollgCr,1976,1976,Gable,1,0,3,1,Y,0,128200
235,7851,Pave,Gilbert,2002,2002,Gable,2,1,4,2,Y,0,216500
236,1680,Pave,BrDale,1971,1971,Gable,1,1,2,1,Y,0,89500
237,8773,Pave,CollgCr,2004,2004,Gable,2,0,3,2,Y,0,185500
238,9453,Pave,SawyerW,1993,2003,Gable,2,1,3,2,Y,0,194500
239,12030,Pave,NridgHt,2007,2007,Hip,2,0,3,3,Y,0,318000
240,8741,Pave,Edwards,1945,1950,Gable,1,1,3,1,Y,0,113000
241,9000,Pave,Somerst,2008,2008,Gable,2,0,3,2,Y,0,262500
242,3880,Pave,OldTown,1945,1997,Gable,1,0,2,0,Y,0,110500
243,5000,Pave,OldTown,1900,1950,Gable,1,0,3,1,Y,0,79000
244,10762,Pave,SawyerW,1980,1980,Gable,1,1,3,1,Y,0,120000
245,8880,Pave,SawyerW,1994,2002,Gable,2,1,3,2,Y,0,205000
246,10400,Pave,NWAmes,1988,1988,Gable,2,0,3,2,Y,0,241500
247,9142,Pave,OldTown,1910,1950,Gable,2,0,4,1,Y,0,137000
248,11310,Pave,NAmes,1954,1954,Hip,1,0,2,2,Y,0,140000
249,11317,Pave,CollgCr,2003,2003,Gable,2,1,3,2,Y,0,180000
250,159000,Pave,ClearCr,1958,2006,Gable,2,0,4,2,Y,0,277000
251,5350,Pave,BrkSide,1940,1966,Gable,1,0,3,0,Y,0,76500
252,4750,Pave,Crawfor,2006,2007,Hip,2,0,2,2,Y,0,235000
253,8366,Pave,SawyerW,2004,2004,Gable,2,1,3,2,Y,0,173000
254,9350,Pave,NAmes,1964,1991,Hip,2,0,3,1,Y,0,158000
255,8400,Pave,NAmes,1957,1957,Gable,1,0,3,1,Y,0,145000
256,8738,Pave,Gilbert,1999,1999,Gable,2,1,4,2,Y,0,230000
257,8791,Pave,Somerst,2003,2003,Gable,2,1,3,2,Y,0,207500
258,8814,Pave,CollgCr,2006,2006,Gable,2,1,3,2,Y,0,220000
259,12435,Pave,CollgCr,2001,2001,Gable,2,1,3,2,Y,0,231500
260,12702,Pave,OldTown,1956,1956,Gable,1,0,2,1,Y,0,97000
261,19296,Pave,NAmes,1962,1962,Gable,1,0,3,2,Y,0,176000
262,9588,Pave,CollgCr,2007,2007,Gable,2,1,3,3,Y,0,276000
263,8471,Pave,Sawyer,1977,1995,Gable,1,0,3,2,Y,0,151000
264,5500,Pave,OldTown,1929,2001,Gable,1,0,3,2,Y,0,130000
265,5232,Pave,OldTown,1925,2004,Gable,1,0,2,2,N,0,73000
266,12090,Pave,NWAmes,1981,1981,Gable,2,0,3,2,Y,0,175500
267,11207,Pave,Gilbert,1997,1997,Gable,2,1,3,2,Y,0,185000
268,8400,Pave,SWISU,1939,1997,Gable,2,1,4,1,Y,0,179500
269,6900,Pave,IDOTRR,1940,1955,Gable,1,0,2,1,Y,0,120500
270,7917,Pave,Edwards,1976,1976,Hip,1,1,3,1,Y,0,148000
271,10728,Pave,Somerst,2006,2006,Gable,2,1,3,3,Y,0,266000
272,39104,Pave,ClearCr,1954,2005,Flat,1,0,2,2,Y,0,241500
273,11764,Pave,NoRidge,1999,2007,Gable,2,1,4,3,Y,0,290000
274,9600,Pave,NAmes,1958,1988,Hip,2,0,3,1,Y,0,139000
275,8314,Pave,Mitchel,1982,1982,Gable,1,0,2,1,Y,0,124500
276,7264,Pave,BrkSide,1925,2007,Gable,2,1,3,2,Y,0,205000
277,9196,Pave,Mitchel,2003,2003,Gable,2,0,3,2,Y,0,201000
278,19138,Pave,Gilbert,1951,1951,Gable,1,0,2,2,Y,0,141000
279,14450,Pave,NridgHt,2006,2007,Gable,2,1,3,3,Y,0,415298
280,10005,Pave,ClearCr,1977,1977,Hip,2,1,4,2,Y,0,192000
281,11287,Pave,SawyerW,1989,1989,Gable,2,1,3,2,Y,0,228500
282,7200,Pave,Somerst,2006,2006,Gable,2,0,2,2,Y,0,185000
283,5063,Pave,NridgHt,2007,2008,Gable,2,0,2,2,Y,0,207500
284,9612,Pave,Somerst,2008,2009,Gable,2,0,3,3,Y,0,244600
285,8012,Pave,SawyerW,1992,1992,Gable,2,0,2,2,Y,0,179200
286,4251,Pave,Somerst,2006,2007,Gable,2,1,2,2,Y,0,164700
287,9786,Pave,NAmes,1962,1981,Gable,1,1,3,2,Y,0,159000
288,8125,Pave,NAmes,1971,1971,Gable,1,0,3,0,Y,0,88000
289,9819,Pave,Sawyer,1967,1967,Gable,1,0,3,1,Y,0,122000
290,8730,Pave,BrkSide,1915,2003,Gable,1,0,3,1,Y,0,153575
291,15611,Pave,CollgCr,2006,2006,Gable,2,1,3,2,Y,0,233230
292,5687,Pave,SWISU,1912,2000,Gable,2,0,6,0,N,0,135900
293,11409,Pave,Edwards,1949,2008,Gable,1,1,3,1,Y,0,131000
294,16659,Pave,NWAmes,1977,1994,Gable,2,1,3,2,Y,0,235000
295,9600,Pave,NAmes,1953,1953,Hip,1,0,3,2,Y,0,167000
296,7937,Pave,Mitchel,1984,1984,Gable,1,0,3,2,Y,0,142500
297,13710,Pave,IDOTRR,1950,1950,Gable,1,1,4,1,Y,0,152000
298,7399,Pave,Somerst,1997,1998,Hip,2,1,3,2,Y,0,239000
299,11700,Pave,NWAmes,1968,1968,Mansard,1,2,3,2,Y,0,175000
300,14000,Pave,Crawfor,1950,2004,Gable,1,0,3,1,Y,0,158500
301,15750,Pave,Crawfor,1953,1953,Hip,1,0,2,1,Y,0,157000
302,16226,Pave,CollgCr,1998,1999,Gable,2,1,4,2,Y,0,267000
303,13704,Pave,CollgCr,2001,2002,Gable,2,0,3,3,Y,0,205000
304,9800,Pave,CollgCr,1972,1972,Gable,1,0,3,2,Y,0,149900
305,18386,Pave,OldTown,1880,2002,Gable,3,0,3,3,Y,0,295000
306,10386,Pave,CollgCr,2004,2005,Gable,2,0,3,3,Y,0,305900
307,13474,Pave,SawyerW,1990,1991,Gable,2,1,4,3,Y,0,225000
308,7920,Pave,IDOTRR,1920,1950,Gable,1,0,3,0,N,0,89500
309,12342,Pave,Edwards,1940,1950,Gable,1,0,1,2,Y,0,82500
310,12378,Pave,NridgHt,2003,2004,Gable,2,0,3,3,Y,0,360000
311,7685,Pave,Gilbert,1993,1994,Gable,2,1,3,2,Y,0,165600
312,8000,Pave,NAmes,1948,2002,Gable,1,0,2,1,Y,0,132000
313,7800,Pave,OldTown,1939,1950,Gable,1,0,3,2,Y,0,119900
314,215245,Pave,Timber,1965,1965,Hip,2,0,3,2,Y,0,375000
315,9600,Pave,OldTown,1925,1990,Gable,1,1,3,2,Y,0,178000
316,7795,Pave,Gilbert,2004,2005,Gable,2,1,3,2,Y,0,188500
317,13005,Pave,NWAmes,1980,1980,Gable,2,1,4,2,Y,0,260000
318,9000,Pave,Somerst,2006,2006,Gable,2,1,3,3,Y,0,270000
319,9900,Pave,NoRidge,1993,1993,Gable,2,1,4,3,Y,0,260000
320,14115,Pave,NWAmes,1980,1980,Gable,2,0,3,2,Y,0,187500
321,16259,Pave,NridgHt,2006,2006,Gable,3,1,4,3,Y,0,342643
322,12099,Pave,NridgHt,2004,2004,Gable,2,1,4,3,Y,0,354000
323,10380,Pave,SawyerW,1986,1987,Gable,2,1,4,2,Y,0,301000
324,5820,Pave,OldTown,1955,2005,Gable,1,0,3,1,Y,0,126175
325,11275,Pave,NAmes,1967,2007,Mansard,2,1,5,2,Y,0,242000
326,5000,Pave,IDOTRR,1941,1950,Gable,1,0,2,2,Y,0,87000
327,10846,Pave,Veenker,1993,1993,Gable,1,1,1,2,Y,0,324000
328,11600,Pave,NAmes,1960,1960,Hip,1,1,3,1,Y,0,145250
329,11888,Pave,BrkSide,1916,1994,Gable,2,0,5,2,Y,0,214500
330,6402,Pave,IDOTRR,1920,1950,Gable,1,0,3,1,N,0,78000
331,10624,Pave,NAmes,1964,1964,Gable,2,0,6,1,Y,0,119000
332,8176,Pave,NAmes,1958,1992,Gable,1,0,3,1,Y,0,139000
333,10655,Pave,NridgHt,2003,2004,Gable,2,0,3,3,Y,0,284000
334,8198,Pave,NridgHt,2004,2004,Gable,2,0,2,2,Y,0,207000
335,9042,Pave,Gilbert,1998,1998,Gable,2,1,3,2,Y,0,192000
336,164660,Grvl,Timber,1965,1965,Gable,2,0,3,2,Y,0,228950
337,14157,Pave,StoneBr,2005,2006,Hip,2,0,3,3,Y,0,377426
338,9135,Pave,CollgCr,2002,2003,Gable,2,0,3,2,Y,0,214000
339,14145,Pave,NWAmes,1984,1998,Gable,2,0,3,2,Y,0,202500
340,12400,Pave,NAmes,1958,1998,Hip,1,0,3,1,Y,0,155000
341,14191,Pave,Timber,2002,2002,Gable,2,1,4,2,Y,0,202900
342,8400,Pave,SawyerW,1950,1950,Gable,1,0,2,1,N,0,82000
343,8544,Pave,NAmes,1949,1950,Gable,2,0,2,2,Y,0,87500
344,8849,Pave,NridgHt,2005,2005,Hip,2,0,2,2,Y,0,266000
345,2592,Pave,MeadowV,1976,1976,Gable,1,1,3,1,Y,0,85000
346,6435,Pave,BrkSide,1939,1950,Gable,1,0,3,1,Y,0,140200
347,12772,Pave,NAmes,1960,1998,Hip,1,0,2,1,Y,0,151500
348,17600,Pave,NAmes,1960,1960,Gable,2,0,3,2,Y,0,157500
349,2448,Pave,NridgHt,2003,2004,Gable,2,1,2,2,Y,0,154000
350,20431,Pave,NridgHt,2005,2006,Hip,2,1,4,3,Y,0,437154
351,7820,Pave,NridgHt,2007,2007,Hip,2,0,2,2,Y,0,318061
352,5271,Pave,ClearCr,1986,1986,Gable,1,1,2,2,Y,0,190000
353,9084,Pave,Edwards,1941,1950,Gable,1,0,3,1,Y,0,95000
354,8520,Pave,OldTown,1928,2003,Gable,1,0,2,2,Y,0,105900
355,8400,Pave,SWISU,1940,2000,Gable,1,0,2,1,Y,0,140000
356,11249,Pave,CollgCr,1995,1995,Gable,2,0,3,2,Y,0,177500
357,9248,Pave,Gilbert,1992,1992,Gable,2,0,3,2,Y,0,173000
358,4224,Pave,MeadowV,1976,1976,Gable,1,1,3,2,Y,0,134000
359,6930,Pave,ClearCr,1958,1958,Hip,1,0,3,1,Y,0,130000
360,12011,Pave,NoRidge,1998,1998,Gable,2,1,3,2,Y,0,280000
361,7540,Pave,Mitchel,1978,1978,Gable,1,0,2,2,Y,0,156000
362,9144,Pave,BrkSide,1940,1982,Gable,1,0,3,1,N,0,145000
363,7301,Pave,Edwards,2003,2003,Gable,3,0,4,2,Y,0,198500
364,1680,Pave,BrDale,1972,2007,Gable,1,1,2,1,Y,0,118000
365,18800,Pave,NWAmes,1976,1976,Gable,2,1,3,2,Y,0,190000
366,10690,Pave,IDOTRR,1920,1997,Hip,1,0,3,1,Y,0,147000
367,9500,Pave,NAmes,1963,1963,Gable,1,1,3,2,Y,0,159000
368,9150,Pave,NAmes,1962,1962,Gable,1,0,3,1,Y,0,165000
369,7800,Pave,NAmes,1954,1954,Gable,1,0,2,1,Y,0,132000
370,9830,Pave,NAmes,1959,2006,Gable,1,0,3,2,Y,0,162000
371,8121,Pave,Gilbert,2000,2000,Gable,2,1,3,2,Y,0,172400
372,17120,Pave,ClearCr,1959,1959,Gable,2,0,4,2,N,0,134432
373,7175,Pave,SawyerW,1984,1984,Gable,1,0,2,1,Y,0,125000
374,10634,Pave,NAmes,1953,1953,Gable,1,0,3,1,Y,0,123000
375,8200,Pave,CollgCr,2003,2004,Gable,2,1,4,2,Y,0,219500
376,10020,Pave,Edwards,1922,1950,Gable,0,1,1,0,Y,0,61000
377,8846,Pave,CollgCr,1996,1996,Gable,1,0,2,2,Y,0,148000
378,11143,Pave,Somerst,2004,2005,Gable,3,0,4,2,Y,0,340000
379,11394,Pave,StoneBr,2010,2010,Hip,1,1,1,3,Y,0,394432
380,8123,Pave,Gilbert,2000,2000,Gable,2,1,3,2,Y,0,179000
381,5000,Pave,SWISU,1924,1950,Gable,2,0,3,1,Y,0,127000
382,7200,Pave,Somerst,2006,2006,Gable,2,0,2,2,Y,0,187750
383,9245,Pave,CollgCr,2006,2006,Gable,2,1,3,2,Y,0,213500
384,9000,Pave,SawyerW,1928,1950,Gable,1,0,2,2,N,0,76000
385,53107,Pave,ClearCr,1992,1992,Gable,2,1,3,2,Y,0,240000
386,3182,Pave,Blmngtn,2004,2005,Gable,2,0,2,2,Y,0,192000
387,8410,Pave,Edwards,1910,1996,Gambrel,1,0,5,0,N,0,81000
388,7200,Pave,Edwards,1976,1976,Hip,1,0,3,1,Y,0,125000
389,9382,Pave,CollgCr,1999,2000,Gable,2,0,3,2,Y,0,191000
390,12474,Pave,NridgHt,2007,2008,Gable,2,1,3,3,Y,0,426000
391,8405,Pave,Edwards,1900,1950,Gable,1,0,4,1,Y,0,119000
392,12209,Pave,Mitchel,2001,2002,Gable,2,1,3,2,Y,0,215000
393,8339,Pave,NAmes,1959,1959,Gable,1,0,3,1,Y,0,106500
394,7446,Pave,BrkSide,1941,1950,Gable,1,0,2,0,Y,0,100000
395,10134,Pave,OldTown,1940,1950,Gable,1,0,2,1,Y,0,109000
396,9571,Pave,Edwards,1956,1956,Gable,1,0,3,1,Y,0,129000
397,7200,Pave,CollgCr,1972,1972,Hip,1,0,2,2,Y,0,123000
398,7590,Pave,NAmes,1962,1962,Gable,2,0,4,1,Y,0,169500
399,8967,Pave,IDOTRR,1920,1950,Gable,1,0,2,1,N,0,67000
400,8125,Pave,Somerst,2006,2007,Gable,2,0,2,2,Y,0,241000
401,14963,Pave,Veenker,1996,1996,Gable,1,1,1,2,Y,0,245500
402,8767,Pave,CollgCr,2005,2005,Gable,2,0,3,2,Y,0,164990
403,10200,Pave,Sawyer,1940,1997,Gable,1,0,2,1,N,0,108000
404,12090,Pave,NoRidge,1998,1998,Hip,2,1,4,2,Y,0,258000
405,10364,Pave,Gilbert,1995,1996,Gable,2,1,3,2,Y,0,168000
406,9991,Pave,Sawyer,1976,1993,Gable,2,0,3,2,Y,0,150000
407,10480,Pave,SWISU,1936,1950,Gable,1,0,3,1,Y,0,115000
408,15576,Pave,Crawfor,1915,1976,Gable,2,0,4,1,Y,0,177000
409,14154,Pave,NridgHt,2006,2006,Gable,2,1,3,3,Y,0,280000
410,10800,Pave,Somerst,2007,2008,Gable,2,1,3,3,Y,0,339750
411,9571,Pave,Edwards,1958,1958,Gable,1,0,3,1,Y,0,60000
412,34650,Pave,Gilbert,1955,1955,Hip,1,0,3,2,Y,0,145000
413,4403,Pave,Somerst,2009,2009,Gable,2,1,2,2,Y,0,222000
414,8960,Pave,OldTown,1927,1950,Gable,1,0,2,2,Y,0,115000
415,11228,Pave,SawyerW,1993,1993,Gable,2,1,3,3,Y,0,228000
416,8899,Pave,Gilbert,2007,2007,Gable,2,0,3,2,Y,0,181134
417,7844,Pave,Sawyer,1978,1978,Hip,1,1,3,2,Y,0,149500
418,22420,Pave,Crawfor,1918,1950,Hip,2,1,4,3,N,0,239000
419,8160,Pave,Edwards,1940,1950,Gable,1,1,3,1,P,0,126000
420,8450,Pave,NAmes,1968,1968,Gable,1,0,3,1,Y,0,142000
421,7060,Pave,Mitchel,1997,1998,Gable,2,0,2,4,Y,0,206300
422,16635,Pave,NWAmes,1977,2000,Gable,2,0,3,2,Y,0,215000
423,21750,Pave,Mitchel,1954,1954,Hip,1,0,2,2,N,0,113000
424,9200,Pave,NoRidge,1998,1998,Gable,2,1,4,3,Y,0,315000
425,9000,Pave,NAmes,1956,1956,Gable,1,0,2,1,Y,0,139000
426,3378,Pave,OldTown,1946,1992,Gable,1,1,3,1,P,0,135000
427,12800,Pave,SawyerW,1989,1989,Gable,2,0,2,2,Y,0,275000
428,8593,Pave,NAmes,1957,1957,Hip,1,0,3,1,Y,0,109008
429,6762,Pave,CollgCr,2007,2007,Gable,2,0,2,2,Y,0,195400
430,11457,Pave,Timber,1988,1988,Gable,2,0,3,2,Y,0,175000
431,1680,Pave,BrDale,1971,1971,Gable,1,1,2,1,Y,0,85400
432,5586,Pave,OldTown,1920,1998,Gable,1,0,4,0,N,0,79900
433,1920,Pave,BrDale,1971,1971,Gable,1,1,2,2,Y,0,122500
434,10839,Pave,Gilbert,1997,1998,Gable,2,1,3,2,Y,0,181000
435,1890,Pave,MeadowV,1972,1972,Gable,1,0,1,0,Y,0,81000
436,10667,Pave,CollgCr,1996,1996,Gable,2,1,3,2,Y,0,212000
437,4400,Pave,OldTown,1920,1950,Gable,1,0,2,2,Y,0,116000
438,6000,Pave,BrkSide,1926,2004,Gable,1,0,2,1,Y,0,119000
439,4280,Pave,Crawfor,1913,2002,Gable,1,0,2,1,P,0,90350
440,12354,Pave,Edwards,1920,2000,Gable,1,0,3,2,Y,0,110000
441,15431,Pave,NridgHt,2008,2008,Hip,2,0,2,3,Y,0,555000
442,12108,Pave,Edwards,1955,1955,Gable,2,0,4,0,Y,0,118000
443,6240,Pave,BrkSide,1930,1992,Gable,2,0,3,2,P,0,162900
444,3922,Pave,Blmngtn,2006,2007,Gable,2,0,2,3,Y,0,172500
445,8750,Pave,CollgCr,1994,1995,Gable,2,1,4,2,Y,0,210000
446,9855,Pave,Edwards,1956,1956,Hip,1,0,3,2,Y,0,127500
447,16492,Pave,NAmes,1966,2002,Gable,2,1,2,2,Y,0,190000
448,11214,Pave,Gilbert,1998,1999,Gable,2,1,4,2,Y,0,199900
449,8600,Pave,IDOTRR,1937,1950,Gable,2,0,3,1,N,0,119500
450,6000,Pave,OldTown,1948,2002,Gable,1,1,2,1,Y,0,120000
451,5684,Pave,OldTown,1930,2005,Hip,1,0,2,1,N,0,110000
452,70761,Pave,ClearCr,1975,1975,Gable,2,0,2,2,Y,0,280000
453,9303,Pave,Timber,1996,1997,Hip,2,1,3,2,Y,0,204000
454,9000,Pave,Somerst,2008,2008,Gable,2,1,3,2,Y,0,210000
455,9297,Pave,Mitchel,1976,1976,Gable,2,0,4,2,Y,0,188000
456,9600,Pave,NWAmes,1973,1973,Hip,1,1,3,2,Y,0,175500
457,4571,Pave,OldTown,1916,1950,Gable,1,0,4,3,Y,0,98000
458,53227,Pave,ClearCr,1954,1994,Flat,1,0,2,2,Y,0,256000
459,5100,Pave,OldTown,1925,1996,Hip,1,0,3,1,Y,0,161000
460,7015,Pave,BrkSide,1950,1950,Gable,1,0,3,1,Y,0,110000
461,8004,Pave,Somerst,2009,2009,Gable,2,1,3,2,Y,0,263435
462,7200,Pave,SWISU,1936,2007,Gable,1,0,3,2,Y,0,155000
463,8281,Pave,Sawyer,1965,1965,Gable,1,0,3,1,Y,0,62383
464,11988,Pave,Crawfor,1934,1995,Hip,1,1,3,1,Y,0,188700
465,8430,Pave,CollgCr,1978,1978,Gable,2,0,3,0,Y,0,124000
466,3072,Pave,Blmngtn,2004,2004,Hip,2,0,2,2,Y,0,178740
467,10628,Pave,NAmes,1970,1970,Flat,1,0,2,2,Y,0,167000
468,9480,Pave,NAmes,1942,1995,Gable,1,1,3,1,Y,0,146500
469,11428,Pave,NridgHt,2006,2006,Gable,2,0,3,3,Y,0,250000
470,9291,Pave,SawyerW,1993,1993,Gable,2,1,3,2,Y,0,187000
471,6820,Pave,StoneBr,1985,1985,Gable,1,1,1,2,Y,0,212000
472,11952,Pave,NWAmes,1977,1977,Mansard,2,1,3,2,Y,0,190000
473,3675,Pave,Edwards,2005,2005,Gable,1,0,2,2,Y,0,148000
474,14977,Pave,NridgHt,2006,2007,Gable,2,0,2,3,Y,0,440000
475,5330,Pave,StoneBr,2000,2000,Gable,2,0,2,2,Y,0,251000
476,8480,Pave,Sawyer,1963,1963,Hip,1,0,2,2,Y,0,132500
477,13125,Pave,CollgCr,1997,1998,Gable,2,0,3,2,Y,0,208900
478,13693,Pave,NridgHt,2006,2006,Hip,2,1,3,3,Y,0,380000
479,10637,Pave,CollgCr,2007,2008,Hip,2,0,3,3,Y,0,297000
480,5925,Pave,OldTown,1937,2000,Hip,1,0,2,2,Y,0,89471
481,16033,Pave,NridgHt,2004,2005,Hip,2,0,3,3,Y,0,326000
482,11846,Pave,NridgHt,2003,2004,Hip,2,0,2,3,Y,0,374000
483,2500,Pave,OldTown,1915,2005,Gable,1,1,4,1,Y,0,155000
484,4500,Pave,Mitchel,1998,1998,Hip,2,0,2,2,Y,0,164000
485,7758,Pave,Sawyer,1962,2001,Gable,1,0,3,1,Y,0,132500
486,9600,Pave,NAmes,1950,2007,Gable,1,0,3,1,Y,0,147000
487,10289,Pave,NAmes,1965,1965,Hip,1,1,3,2,Y,0,156000
488,12243,Pave,NWAmes,1971,1971,Gable,2,0,3,2,Y,0,175000
489,10800,Pave,OldTown,1900,1970,Gable,2,0,3,2,N,0,160000
490,1526,Pave,MeadowV,1970,2002,Gable,1,0,1,1,Y,0,86000
491,2665,Pave,MeadowV,1976,1976,Gable,1,1,3,1,Y,0,115000
492,9490,Pave,NAmes,1941,1950,Gable,1,0,3,1,Y,0,133000
493,15578,Pave,Gilbert,2006,2006,Gable,2,1,3,2,Y,0,172785
494,7931,Pave,NAmes,1960,1960,Gable,1,1,3,1,Y,0,155000
495,5784,Pave,OldTown,1938,1996,Gable,1,0,2,1,Y,0,91300
496,7879,Pave,IDOTRR,1920,1950,Gable,1,0,2,0,N,0,34900
497,12692,Pave,NoRidge,1992,1993,Hip,3,0,4,2,Y,0,430000
498,9120,Pave,BrkSide,1925,1950,Gable,2,0,4,1,N,0,184000
499,7800,Pave,Sawyer,1967,2004,Hip,1,0,3,1,Y,0,130000
500,7535,Pave,NAmes,1958,1985,Gable,1,0,2,1,Y,0,120000
501,1890,Pave,BrDale,1973,1973,Gable,1,1,3,1,Y,0,113000
502,9803,Pave,Somerst,2005,2005,Gable,2,1,3,2,Y,0,226700
503,9170,Pave,Edwards,1965,1965,Hip,1,0,2,2,Y,0,140000
504,15602,Pave,Crawfor,1959,1997,Gable,2,0,1,2,Y,0,289000
505,2308,Pave,NPkVill,1974,1974,Gable,2,1,3,2,Y,0,147000
506,7596,Pave,OldTown,1952,1952,Hip,2,0,4,2,N,0,124500
507,9554,Pave,SawyerW,1993,1994,Gable,2,1,3,2,Y,0,215000
508,7862,Pave,Somerst,2009,2009,Gable,2,0,2,2,Y,0,208300
509,9600,Pave,OldTown,1928,2005,Gambrel,2,0,3,2,N,0,161000
510,9600,Pave,NAmes,1959,1959,Gable,1,0,3,1,Y,0,124500
511,14559,Pave,NAmes,1951,2000,Hip,1,0,2,1,Y,0,164900
512,6792,Pave,NridgHt,2005,2006,Gable,2,0,2,2,Y,0,202665
513,9100,Pave,NAmes,1958,1958,Gable,1,0,3,2,Y,0,129900
514,9187,Pave,Mitchel,1983,1983,Gable,1,1,3,2,Y,0,134000
515,10594,Pave,Crawfor,1926,1950,Gable,1,0,2,1,Y,0,96500
516,12220,Pave,NridgHt,2009,2009,Hip,2,1,3,3,Y,0,402861
517,10448,Pave,NWAmes,1972,1972,Gable,2,1,3,2,Y,0,158000
518,10208,Pave,NoRidge,1996,1997,Gable,2,1,3,3,Y,0,265000
519,9531,Pave,CollgCr,1998,1998,Gable,2,1,3,2,Y,0,211000
520,10918,Pave,Crawfor,1926,2004,Gambrel,1,1,3,1,Y,0,234000
521,10800,Pave,OldTown,1900,2000,Gable,2,0,3,0,N,0,106250
522,11988,Pave,NAmes,1957,1957,Gable,1,1,3,1,Y,0,150000
523,5000,Pave,BrkSide,1947,1950,Gable,2,0,3,2,Y,0,159000
524,40094,Pave,Edwards,2007,2008,Hip,3,1,3,3,Y,0,184750
525,11787,Pave,NoRidge,1996,1997,Gable,2,1,3,3,Y,0,315750
526,7500,Pave,Somerst,2005,2005,Gable,2,0,3,2,Y,0,176000
527,13300,Pave,NAmes,1956,2000,Hip,1,0,2,1,Y,0,132000
528,14948,Pave,NridgHt,2008,2008,Hip,2,1,3,3,Y,0,446261
529,9098,Pave,Edwards,1920,2002,Gable,1,0,2,0,N,0,86000
530,32668,Pave,Crawfor,1957,1975,Hip,3,0,4,2,Y,0,200624
531,10200,Pave,Timber,1988,1989,Gable,2,0,3,2,Y,0,175000
532,6155,Pave,BrkSide,1920,1999,Gable,2,0,3,2,Y,0,128000
533,7200,Pave,NAmes,1955,2007,Gable,1,0,2,1,Y,0,107500
534,5000,Pave,BrkSide,1946,1950,Gable,1,0,1,0,N,0,39300
535,9056,Pave,Gilbert,2004,2004,Gable,2,1,3,2,Y,0,178000
536,7000,Pave,Edwards,1910,1991,Gable,1,0,3,0,N,0,107500
537,8924,Pave,CollgCr,1998,1999,Gable,2,1,3,2,Y,0,188000
538,12735,Pave,NAmes,1972,1972,Hip,1,0,3,2,Y,0,111250
539,11553,Pave,Sawyer,1968,1968,Hip,1,1,3,1,Y,0,158000
540,11423,Pave,CollgCr,2001,2002,Gable,2,0,3,2,Y,0,272000
541,14601,Pave,Timber,2006,2006,Hip,2,0,2,3,Y,0,315000
542,11000,Pave,NoRidge,2000,2000,Gable,2,1,4,3,Y,0,248000
543,10140,Pave,NWAmes,1998,1999,Hip,2,0,3,2,Y,0,213250
544,4058,Pave,NAmes,1998,1998,Gable,1,0,1,1,Y,0,133000
545,17104,Pave,Gilbert,2006,2006,Gable,2,1,3,2,Y,0,179665
546,13837,Pave,NWAmes,1988,1988,Gable,2,1,4,3,Y,0,229000
547,8737,Pave,BrkSide,1923,1950,Gable,1,1,3,2,Y,0,210000
548,7244,Pave,Mitchel,1970,1970,Gable,1,0,2,2,Y,0,129500
549,8235,Pave,OldTown,1955,1995,Gable,1,0,2,2,Y,0,125000
550,9375,Pave,Somerst,2003,2004,Gable,2,1,4,2,Y,0,263000
551,4043,Pave,NPkVill,1977,1977,Gable,2,0,2,2,Y,0,140000
552,6000,Pave,OldTown,1957,1957,Hip,1,0,3,1,Y,0,112500
553,11146,Pave,NridgHt,2006,2006,Gable,2,0,3,3,Y,0,255500
554,8777,Pave,Edwards,1949,2003,Gable,2,0,2,2,N,0,108000
555,10625,Pave,NridgHt,2003,2004,Gable,2,1,3,3,Y,0,284000
556,6380,Pave,BrkSide,1922,1950,Gable,1,0,2,1,Y,0,113000
557,14850,Pave,NAmes,1957,1957,Gable,1,0,2,1,Y,0,141000
558,11040,Pave,IDOTRR,1920,1950,Gable,1,1,3,1,Y,0,108000
559,21872,Pave,Gilbert,1996,1997,Gable,2,1,3,2,Y,0,175000
560,3196,Pave,Blmngtn,2003,2004,Gable,2,0,2,2,Y,0,234000
561,11341,Pave,Sawyer,1957,1996,Hip,1,1,3,2,Y,0,121500
562,10010,Pave,Mitchel,1974,1975,Gable,1,0,2,2,Y,0,170000
563,13907,Pave,Edwards,1940,1969,Gable,1,0,3,0,Y,0,108000
564,21780,Pave,Edwards,1918,1950,Gable,2,0,4,2,N,0,185000
565,13346,Pave,NoRidge,1992,2000,Gable,2,1,4,2,Y,0,268000
566,6858,Pave,SWISU,1915,1950,Gable,1,1,4,1,Y,0,128000
567,11198,Pave,StoneBr,2005,2007,Hip,2,1,4,3,Y,0,325000
568,10171,Pave,NridgHt,2004,2004,Gable,2,0,3,2,Y,0,214000
569,12327,Pave,SawyerW,1983,2009,Gable,1,1,1,2,Y,0,316600
570,7032,Pave,NAmes,1979,1979,Gable,1,0,2,2,Y,0,135960
571,13101,Pave,NAmes,1965,1965,Gable,2,0,6,2,Y,0,142600
572,7332,Pave,NAmes,1959,1959,Gable,1,0,2,1,Y,0,120000
573,13159,Pave,Timber,2009,2009,Gable,2,1,3,2,Y,0,224500
574,9967,Pave,Gilbert,2000,2000,Gable,2,1,3,2,Y,0,170000
575,10500,Pave,NAmes,1971,2005,Gambrel,1,0,3,1,Y,0,139000
576,8480,Pave,NAmes,1947,1950,Gable,1,0,2,1,Y,0,118500
577,6292,Pave,SWISU,1928,1950,Gable,2,0,3,1,Y,0,145000
578,11777,Pave,Sawyer,1966,1966,Gable,1,0,3,2,Y,0,164500
579,3604,Pave,Somerst,2007,2007,Gable,2,0,2,2,Y,0,146000
580,12150,Pave,OldTown,1954,1954,Gable,2,0,4,1,Y,0,131500
581,14585,Pave,NAmes,1960,1987,Gable,1,0,3,2,Y,0,181900
582,12704,Pave,NridgHt,2008,2009,Hip,2,1,3,3,Y,0,253293
583,11841,Grvl,Edwards,1990,1990,Gable,1,0,3,0,Y,0,118500
584,13500,Pave,OldTown,1893,2000,Gable,3,1,3,2,Y,0,325000
585,6120,Pave,BrkSide,1935,1995,Gable,1,0,3,1,Y,0,133000
586,11443,Pave,Timber,2005,2006,Hip,2,0,2,3,Y,0,369900
587,10267,Pave,BrkSide,1918,2000,Gable,1,0,2,1,N,0,130000
588,8740,Pave,Sawyer,1982,1982,Hip,1,0,2,2,Y,0,137000
589,25095,Pave,ClearCr,1968,2003,Flat,1,0,1,1,Y,0,143000
590,9100,Pave,BrkSide,1930,1960,Gable,1,0,2,1,P,0,79500
591,8320,Pave,CollgCr,2004,2004,Gable,2,1,3,2,Y,0,185900
592,13478,Pave,NridgHt,2008,2008,Gable,2,1,3,3,Y,0,451950
593,6600,Pave,Mitchel,1982,2003,Gable,1,0,2,2,Y,0,138000
594,4435,Pave,CollgCr,2003,2003,Gable,1,0,1,2,Y,0,140000
595,7990,Pave,CollgCr,1975,1975,Hip,1,0,3,1,Y,0,110000
596,11302,Pave,StoneBr,2005,2006,Gable,2,0,3,3,Y,0,319000
597,3600,Pave,OldTown,1910,1993,Gable,1,0,3,1,N,0,114504
598,3922,Pave,Blmngtn,2006,2007,Gable,0,2,2,3,Y,0,194201
599,12984,Pave,Crawfor,1977,1977,Gable,2,0,3,2,Y,0,217500
600,1950,Pave,Blueste,1980,1980,Gable,2,1,3,2,Y,0,151000
601,10927,Pave,NridgHt,2005,2005,Gable,2,1,3,2,Y,0,275000
602,9000,Pave,IDOTRR,1937,1950,Gable,1,1,3,1,P,0,141000
603,10041,Pave,SawyerW,1992,1992,Gable,2,1,3,2,Y,0,220000
604,3182,Pave,Somerst,2004,2005,Gable,2,1,2,2,Y,0,151000
605,12803,Pave,CollgCr,2002,2002,Gable,2,0,3,2,Y,0,221000
606,13600,Pave,NAmes,1965,1990,Gable,2,1,3,2,Y,0,205000
607,12464,Pave,CollgCr,1996,1996,Gable,1,0,3,2,Y,0,152000
608,7800,Pave,Edwards,1948,2002,Gable,3,0,3,1,Y,0,225000
609,12168,Pave,Crawfor,1934,1998,Gable,2,1,4,2,Y,0,359100
610,7943,Pave,Sawyer,1961,1961,Gable,1,0,3,1,Y,0,118500
611,11050,Pave,CollgCr,2000,2000,Hip,2,1,3,3,Y,0,313000
612,10395,Pave,NWAmes,1978,1978,Gable,2,0,3,2,Y,0,148000
613,11885,Pave,CollgCr,2001,2001,Gable,2,1,3,2,Y,0,261500
614,8402,Pave,Mitchel,2007,2007,Gable,1,0,3,0,Y,0,147000
615,1491,Pave,MeadowV,1972,1972,Gable,1,0,1,0,Y,0,75500
616,8800,Pave,NAmes,1963,1963,Gable,1,0,3,2,Y,0,137500
617,7861,Pave,Gilbert,2002,2003,Gable,2,1,3,2,Y,0,183200
618,7227,Pave,NAmes,1954,1954,Gable,1,0,2,2,Y,0,105500
619,11694,Pave,NridgHt,2007,2007,Hip,2,0,3,3,Y,0,314813
620,12244,Pave,Timber,2003,2003,Hip,2,1,4,3,Y,0,305000
621,8248,Pave,Edwards,1914,1950,Gable,1,0,2,0,N,0,67000
622,10800,Pave,NWAmes,1974,1997,Gable,2,1,4,2,Y,0,240000
623,7064,Pave,Sawyer,1977,1977,Gable,1,0,3,2,Y,0,135000
624,2117,Pave,Somerst,2000,2000,Gable,2,1,2,2,Y,0,168500
625,10400,Pave,NWAmes,1972,1972,Gable,1,2,4,2,Y,0,165150
626,10000,Pave,NAmes,1962,1962,Hip,1,1,3,2,Y,0,160000
627,12342,Pave,NAmes,1960,1978,Hip,1,0,3,1,Y,0,139900
628,9600,Pave,NAmes,1955,1972,Gable,1,0,3,1,Y,0,153000
629,11606,Pave,NAmes,1969,1969,Gable,1,2,5,2,Y,0,135000
630,9020,Pave,NAmes,1964,1964,Gable,1,1,3,2,Y,0,168500
631,9000,Pave,OldTown,1880,1991,Gable,1,0,3,1,N,0,124000
632,4590,Pave,NridgHt,2006,2006,Gable,2,0,2,2,Y,0,209500
633,11900,Pave,NWAmes,1977,1977,Hip,2,0,3,2,Y,0,82500
634,9250,Pave,NAmes,1954,2005,Gable,1,0,3,1,Y,0,139400
635,6979,Pave,OldTown,1980,1980,Gable,0,0,0,2,Y,0,144000
636,10896,Pave,SWISU,1914,1995,Hip,2,0,8,0,N,0,200000
637,6120,Pave,BrkSide,1936,1950,Gable,1,0,1,0,N,0,60000
638,6000,Pave,OldTown,1954,1954,Gable,2,0,3,1,Y,0,93000
639,8777,Pave,Edwards,1910,1950,Gable,1,0,2,0,P,0,85000
640,3982,Pave,Blmngtn,2006,2006,Hip,2,0,1,3,Y,0,264561
641,12677,Pave,NridgHt,2003,2004,Hip,1,1,1,2,Y,0,274000
642,7050,Pave,Somerst,2001,2001,Gable,2,1,3,2,Y,0,226000
643,13860,Pave,NAmes,1972,1995,Gable,2,1,4,2,Y,0,345000
644,10793,Pave,NWAmes,1969,1969,Mansard,2,1,4,2,Y,0,152000
645,9187,Pave,Somerst,2009,2009,Gable,2,1,2,3,Y,0,370878
646,10530,Pave,NAmes,1971,1971,Hip,1,1,3,2,Y,0,143250
647,7200,Pave,NAmes,1950,1950,Hip,1,0,3,2,Y,0,98300
648,10452,Pave,Edwards,1953,1953,Hip,1,0,3,2,Y,0,155000
649,7700,Pave,NAmes,1966,1966,Gable,1,1,4,2,Y,0,155000
650,1936,Pave,MeadowV,1970,1970,Gable,1,0,1,0,Y,0,84500
651,8125,Pave,Somerst,2007,2007,Gable,2,1,3,2,Y,0,205950
652,9084,Pave,Edwards,1940,1950,Gable,1,0,4,1,P,0,108000
653,8750,Pave,CollgCr,1996,1996,Gable,2,1,2,2,Y,0,191000
654,10320,Pave,IDOTRR,1906,1995,Gable,1,0,3,1,Y,0,135000
655,10437,Pave,NoRidge,1995,1995,Hip,2,1,2,3,Y,0,350000
656,1680,Pave,BrDale,1971,1971,Gable,1,1,3,1,Y,0,88000
657,10007,Pave,NAmes,1959,2006,Gable,1,1,3,1,Y,0,145500
658,7200,Pave,Crawfor,1931,2000,Gable,1,1,3,1,P,0,149000
659,17503,Pave,NAmes,1948,1950,Gable,1,0,3,1,Y,0,97500
660,9937,Pave,Edwards,1964,1999,Hip,1,0,3,2,Y,0,167000
661,12384,Pave,NWAmes,1976,1976,Gable,2,1,3,2,Y,0,197900
662,46589,Pave,NoRidge,1994,2005,Hip,2,1,4,3,Y,0,402000
663,13560,Pave,NAmes,1968,1968,Hip,1,0,2,2,Y,0,110000
664,10012,Pave,Edwards,1972,1972,Gable,2,0,3,2,Y,0,137500
665,20896,Pave,Somerst,2005,2006,Gable,1,1,1,3,Y,0,423000
666,11194,Pave,Gilbert,2000,2000,Gable,2,1,3,2,Y,0,230500
667,18450,Pave,NAmes,1965,1979,Flat,2,1,3,2,Y,0,129000
668,8125,Pave,SawyerW,1994,1998,Gable,2,0,3,2,Y,0,193500
669,14175,Pave,Sawyer,1956,1987,Gable,1,1,3,2,Y,0,168000
670,11600,Pave,Crawfor,1922,1950,Gable,1,0,2,1,Y,0,137500
671,8633,Pave,CollgCr,2005,2005,Gable,2,1,3,2,Y,0,173500
672,6629,Pave,Edwards,1925,1950,Gambrel,2,0,3,1,Y,0,103600
673,11250,Pave,Veenker,1977,1977,Gable,1,1,3,2,Y,0,165000
674,14442,Pave,Crawfor,1957,2004,Hip,2,0,3,2,Y,0,257500
675,9200,Pave,NAmes,1965,1965,Gable,1,0,3,1,Y,0,140000
676,2289,Pave,NPkVill,1978,1978,Gable,2,1,3,2,Y,0,148500
677,9600,Pave,OldTown,1900,1950,Gable,2,0,4,3,N,0,87000
678,9022,Pave,OldTown,1924,2006,Gable,1,0,2,1,N,0,109500
679,11844,Pave,StoneBr,2008,2008,Hip,2,1,3,3,Y,0,372500
680,9945,Pave,Sawyer,1961,1961,Hip,1,0,3,2,Y,0,128500
681,8012,Pave,SawyerW,1980,1980,Gable,2,0,2,1,Y,0,143000
682,4500,Pave,SWISU,1932,2000,Gable,1,0,3,1,Y,0,159434
683,2887,Pave,ClearCr,1996,1997,Gable,1,0,2,2,Y,0,173000
684,11248,Pave,CollgCr,2002,2002,Hip,2,0,3,3,Y,0,285000
685,16770,Pave,NoRidge,1998,1998,Gable,2,1,4,2,Y,0,221000
686,5062,Pave,StoneBr,1984,1984,Gable,2,0,3,2,Y,0,207500
687,10207,Pave,Somerst,2007,2007,Gable,3,0,3,2,Y,0,227875
688,5105,Pave,Somerst,2004,2004,Gable,2,1,2,2,Y,0,148800
689,8089,Pave,StoneBr,2007,2007,Gable,2,0,2,2,Y,0,392000
690,7577,Pave,NridgHt,2005,2006,Gable,2,0,2,2,Y,0,194700
691,4426,Pave,CollgCr,2004,2004,Gable,1,0,1,2,Y,0,141000
692,21535,Pave,NoRidge,1994,1995,Gable,3,1,4,3,Y,0,755000
693,26178,Pave,Timber,1989,1990,Hip,2,1,4,2,Y,0,335000
694,5400,Pave,OldTown,1921,1968,Gable,1,0,2,1,Y,0,108480
695,6120,Pave,BrkSide,1936,1950,Gable,1,1,3,2,Y,0,141500
696,13811,Pave,Timber,1987,1987,Gable,2,0,2,2,Y,0,176000
697,6000,Pave,BrkSide,1921,1950,Gable,1,0,2,1,Y,0,89000
698,6420,Pave,Edwards,1952,1952,Gable,1,0,2,1,Y,0,123500
699,8450,Pave,Sawyer,1965,2009,Gable,1,0,3,1,Y,0,138500
700,4282,Pave,Somerst,2004,2004,Gable,2,0,2,2,Y,0,196000
701,14331,Pave,Timber,2002,2002,Hip,2,0,3,3,Y,0,312500
702,9600,Pave,NWAmes,1969,1969,Hip,1,1,3,2,Y,0,140000
703,12438,Pave,StoneBr,2006,2006,Hip,2,1,4,3,Y,0,361919
704,7630,Pave,OldTown,1900,1996,Gable,2,0,4,2,N,0,140000
705,8400,Pave,CollgCr,2004,2005,Gable,2,0,3,2,Y,0,213000
706,5600,Pave,IDOTRR,1930,1950,Hip,2,0,3,0,N,0,55000
707,115149,Pave,ClearCr,1971,2002,Gable,2,0,2,2,Y,0,302000
708,6240,Pave,NridgHt,2006,2006,Hip,2,0,2,2,Y,0,254000
709,9018,Pave,Gilbert,2007,2007,Hip,2,1,3,2,Y,0,179540
710,7162,Pave,Sawyer,1966,1966,Gable,1,0,3,1,Y,0,109900
711,4130,Pave,BrkSide,1935,2003,Gable,1,0,2,0,N,0,52000
712,8712,Pave,IDOTRR,1900,1950,Gable,1,0,2,1,N,0,102776
713,4671,Pave,StoneBr,1988,1989,Gable,2,0,2,2,Y,0,189000
714,9873,Pave,BrkSide,1970,1970,Gable,1,0,3,2,Y,0,129000
715,13517,Pave,Sawyer,1976,2005,Gable,2,1,3,2,Y,0,130500
716,10140,Pave,NWAmes,1974,1974,Hip,2,0,3,2,Y,0,165000
717,10800,Pave,OldTown,1890,1998,Gable,1,1,3,2,P,0,159500
718,10000,Pave,NWAmes,1973,2000,Gable,1,1,3,2,Y,0,157000
719,10542,Pave,NoRidge,1993,1994,Hip,2,1,3,3,Y,0,341000
720,9920,Pave,CollgCr,1969,1969,Gable,1,1,3,1,Y,0,128500
721,6563,Pave,StoneBr,1985,1985,Gable,2,0,2,2,Y,0,275000
722,4426,Pave,CollgCr,2004,2004,Gable,1,0,1,2,Y,0,143000
723,8120,Pave,NAmes,1970,1970,Gable,1,0,3,2,Y,0,124500
724,8172,Pave,Edwards,1954,1972,Gable,2,0,4,1,Y,0,135000
725,13286,Pave,Edwards,2007,2008,Hip,2,0,3,3,Y,0,320000
726,6960,Pave,NAmes,1970,1970,Gable,1,0,3,2,Y,0,120500
727,21695,Pave,Crawfor,1988,2007,Hip,2,0,3,2,Y,0,222000
728,7314,Pave,CollgCr,2007,2007,Gable,2,0,2,2,Y,0,194500
729,11475,Pave,NAmes,1958,1958,Gable,2,0,4,3,Y,0,110000
730,6240,Pave,IDOTRR,1925,1950,Gable,1,0,2,2,Y,0,103000
731,5389,Pave,StoneBr,1995,1996,Gable,2,0,2,2,Y,0,236500
732,9590,Pave,Timber,2003,2003,Gable,2,0,3,2,Y,0,187500
733,11404,Pave,CollgCr,1998,1999,Gable,2,1,3,2,Y,0,222500
734,10000,Pave,Sawyer,1961,1983,Hip,1,0,3,1,Y,0,131400
735,8978,Pave,Sawyer,1968,1968,Gable,1,0,3,1,Y,0,108000
736,10800,Pave,OldTown,1914,1970,Gable,1,1,2,2,N,0,163000
737,8544,Pave,NAmes,1950,1950,Gable,2,0,2,2,Y,0,93500
738,10463,Pave,Gilbert,2005,2005,Gable,2,1,3,3,Y,0,239900
739,10800,Pave,Edwards,1987,1988,Gable,3,0,3,0,Y,0,179000
740,9313,Pave,CollgCr,2004,2004,Gable,2,1,3,2,Y,0,190000
741,9600,Pave,OldTown,1910,2002,Gable,2,0,2,2,Y,0,132000
742,6768,Pave,Sawyer,1961,1996,Hip,1,0,3,1,Y,0,142000
743,8450,Pave,SawyerW,2000,2001,Gable,2,0,3,2,Y,0,179000
744,12886,Pave,Sawyer,1963,1999,Gable,2,0,3,2,Y,0,175000
745,5395,Pave,StoneBr,1993,1993,Gable,2,0,2,2,Y,0,180000
746,8963,Pave,NWAmes,1976,1996,Hip,3,1,4,2,Y,0,299800
747,8795,Pave,Gilbert,2000,2000,Gable,2,1,4,2,Y,0,236000
748,11700,Pave,OldTown,1880,2003,Mansard,1,1,4,4,N,0,265979
749,10593,Pave,NoRidge,1996,1996,Hip,2,0,3,2,Y,0,260400
750,8405,Pave,Edwards,1945,1950,Gable,2,0,4,1,N,0,98000
751,8800,Pave,OldTown,1910,2004,Gable,1,0,3,0,N,0,96500
752,7750,Pave,Gilbert,2003,2003,Gable,2,1,3,2,Y,0,162000
753,9236,Pave,CollgCr,1997,1997,Gable,2,0,3,2,Y,0,217000
754,10240,Pave,NridgHt,2005,2005,Gable,2,1,3,3,Y,0,275500
755,7930,Pave,NAmes,1969,2005,Gable,1,0,3,2,Y,0,156000
756,3230,Pave,Somerst,1999,1999,Gable,2,1,3,2,Y,0,172500
757,10769,Pave,CollgCr,2007,2007,Gable,2,1,3,2,Y,0,212000
758,11616,Pave,Sawyer,1978,1978,Hip,2,1,3,2,Y,0,158900
759,2280,Pave,Somerst,1999,1999,Gable,2,1,3,2,Y,0,179400
760,12257,Pave,NoRidge,1995,1995,Gable,2,1,4,3,Y,0,290000
761,9100,Pave,NAmes,1959,1959,Hip,1,0,2,1,Y,0,127500
762,6911,Pave,BrkSide,1924,1950,Gable,1,0,2,2,Y,0,100000
763,8640,Pave,Somerst,2009,2009,Gable,2,1,3,2,Y,0,215200
764,9430,Pave,NoRidge,1999,1999,Gable,2,1,3,3,Y,0,337000
765,9549,Pave,Veenker,1995,1996,Hip,1,1,2,2,Y,0,270000
766,14587,Pave,Somerst,2008,2008,Gable,2,0,2,2,Y,0,264132
767,10421,Pave,NWAmes,1988,1988,Gable,2,1,3,2,Y,0,196500
768,12508,Pave,Mitchel,1940,1985,Gable,2,0,4,1,Y,0,160000
769,9100,Pave,CollgCr,2004,2005,Hip,2,0,3,2,Y,0,216837
770,53504,Pave,StoneBr,2003,2003,Hip,3,1,4,3,Y,0,538000
771,7252,Pave,Sawyer,1982,1982,Hip,1,0,2,2,Y,0,134900
772,8877,Pave,Edwards,1951,1951,Gable,1,0,2,2,Y,0,102000
773,7819,Pave,Edwards,1976,1976,Gable,1,0,3,2,Y,0,107000
774,10150,Pave,NAmes,1958,1958,Gable,1,0,2,1,Y,0,114500
775,14226,Pave,NridgHt,2006,2006,Hip,2,0,3,3,Y,0,395000
776,4500,Pave,Mitchel,1998,1998,Hip,2,0,2,2,Y,0,162000
777,11210,Pave,CollgCr,2005,2006,Gable,2,0,3,3,Y,0,221500
778,13350,Pave,Sawyer,1974,1974,Hip,1,0,3,2,Y,0,142500
779,8400,Pave,SawyerW,1977,1977,Gable,2,0,4,2,Y,0,144000
780,10530,Pave,Mitchel,1977,1977,Gable,1,0,2,2,Y,0,135000
781,7875,Pave,Gilbert,1995,1996,Gable,2,0,3,2,Y,0,176000
782,7153,Pave,SawyerW,1992,1992,Gable,2,1,3,2,Y,0,175900
783,16285,Pave,CollgCr,2001,2002,Gable,2,0,3,2,Y,0,187100
784,9101,Pave,Mitchel,1978,1978,Gable,1,0,1,2,Y,0,165500
785,6300,Pave,OldTown,1914,2001,Gable,2,0,3,0,Y,0,128000
786,9790,Pave,NWAmes,1967,1967,Gable,2,0,3,2,Y,0,161500
787,10800,Pave,OldTown,1915,1950,Gable,2,0,4,1,Y,0,139000
788,10142,Pave,SawyerW,2004,2004,Gable,2,1,4,2,Y,0,233000
789,6000,Pave,OldTown,1954,2000,Gable,1,0,2,1,Y,0,107900
790,12205,Pave,ClearCr,1966,2007,Gable,2,1,5,2,Y,0,187500
791,3182,Pave,Blmngtn,2005,2006,Gable,2,0,2,2,Y,0,160200
792,11333,Pave,Mitchel,1976,1976,Gable,1,0,3,2,Y,0,146800
793,9920,Pave,NoRidge,1996,1997,Gable,2,1,3,2,Y,0,269790
794,9158,Pave,Somerst,2007,2007,Gable,2,0,3,2,Y,0,225000
795,10832,Pave,Gilbert,1994,1996,Gable,2,1,3,2,Y,0,194500
796,8400,Pave,SawyerW,1980,1981,Gable,2,1,3,2,Y,0,171000
797,8197,Pave,Sawyer,1977,1977,Gable,1,1,3,2,Y,0,143500
798,7677,Pave,NAmes,1953,1953,Gable,1,0,2,1,Y,0,110000
799,13518,Pave,NridgHt,2008,2009,Hip,3,1,4,3,Y,0,485000
800,7200,Pave,SWISU,1937,1950,Gable,1,1,3,1,Y,0,175000
801,12798,Pave,ClearCr,1997,1997,Gable,2,1,4,2,Y,0,200000
802,4800,Pave,IDOTRR,1916,1990,Gable,1,0,2,2,Y,0,109900
803,8199,Pave,CollgCr,2005,2005,Gable,2,1,3,2,Y,0,189000
804,13891,Pave,NridgHt,2008,2009,Hip,3,1,4,3,Y,0,582933
805,9000,Pave,NAmes,1954,1954,Gable,1,0,2,1,Y,0,118000
806,12274,Pave,Somerst,2008,2008,Gable,2,0,3,2,Y,0,227680
807,9750,Pave,NAmes,1967,1967,Gable,2,0,3,1,Y,0,135500
808,21384,Pave,BrkSide,1923,2004,Gable,1,1,3,2,Y,0,223500
809,13400,Pave,NAmes,1966,1966,Gable,1,0,3,2,Y,0,159950
810,8100,Pave,OldTown,1898,1965,Hip,2,0,2,2,N,0,106000
811,10140,Pave,NWAmes,1974,1999,Hip,1,1,3,2,Y,648,181000
812,4438,Pave,CollgCr,2004,2004,Gable,1,0,1,2,Y,0,144500
813,8712,Grvl,IDOTRR,1952,1952,Hip,1,0,2,2,N,0,55993
814,9750,Pave,NAmes,1958,1958,Gable,1,1,4,1,Y,0,157900
815,8248,Pave,Edwards,1918,1950,Gable,1,1,3,1,P,0,116000
816,12137,Pave,CollgCr,1998,1998,Gable,2,0,3,2,Y,0,224900
817,11425,Pave,NAmes,1954,1954,Gable,1,0,2,1,Y,0,137000
818,13265,Pave,Mitchel,2002,2002,Hip,2,0,3,3,Y,0,271000
819,8816,Pave,ClearCr,1971,1971,Gable,1,0,3,2,Y,0,155000
820,6371,Pave,NridgHt,2009,2010,Gable,2,0,2,2,Y,0,224000
821,7226,Pave,CollgCr,2003,2003,Gable,2,1,3,2,Y,0,183000
822,6000,Pave,OldTown,1953,1953,Gable,1,0,2,2,Y,0,93000
823,12394,Pave,Gilbert,2003,2003,Gable,2,1,3,2,Y,0,225000
824,9900,Pave,SWISU,1940,1950,Gable,2,0,3,1,Y,0,139500
825,11216,Pave,Somerst,2006,2006,Gable,2,0,3,2,Y,0,232600
826,14803,Pave,NridgHt,2007,2008,Hip,2,0,2,3,Y,0,385000
827,6130,Pave,BrkSide,1924,1950,Gable,1,0,2,0,Y,0,109500
828,8529,Pave,SawyerW,2001,2001,Gable,2,0,3,2,Y,0,189000
829,28698,Pave,ClearCr,1967,1967,Flat,2,1,3,2,Y,0,185000
830,2544,Pave,Somerst,2005,2005,Gable,2,1,2,2,Y,0,147400
831,11900,Pave,NAmes,1957,1957,Gable,1,1,3,2,Y,0,166000
832,3180,Pave,Somerst,2005,2005,Gable,2,1,2,2,Y,0,151000
833,9548,Pave,CollgCr,2003,2003,Gable,2,1,3,2,Y,0,237000
834,10004,Pave,NAmes,1964,1964,Gable,1,1,3,2,Y,0,167000
835,7875,Pave,NAmes,1961,1961,Gable,1,0,3,2,Y,0,139950
836,9600,Pave,Sawyer,1950,1995,Gable,2,0,2,2,Y,0,128000
837,8100,Pave,OldTown,1948,1973,Gable,1,0,2,2,Y,0,153500
838,1680,Pave,BrDale,1973,1973,Gable,1,1,2,1,Y,0,100000
839,9525,Pave,CollgCr,1995,2006,Gable,1,1,3,1,Y,0,144000
840,11767,Pave,Edwards,1946,1995,Gable,1,0,3,1,Y,0,130500
841,12155,Pave,SWISU,1925,1950,Gable,2,0,4,1,P,0,140000
842,10440,Pave,OldTown,1904,2002,Gable,2,0,3,2,P,0,157500
843,9020,Pave,NAmes,1966,1966,Gable,1,1,3,2,Y,0,174900
844,8000,Pave,NAmes,1961,1961,Gable,2,0,6,0,Y,0,141000
845,12665,Pave,OldTown,1915,1950,Gable,1,1,4,3,Y,0,153900
846,16647,Pave,Sawyer,1975,1981,Gable,2,0,3,2,Y,0,171000
847,9317,Pave,SawyerW,1993,1993,Gable,2,1,3,2,Y,0,213000
848,15523,Pave,CollgCr,1972,1972,Gable,1,0,3,1,Y,0,133500
849,45600,Pave,ClearCr,1908,1997,Gable,3,0,5,2,Y,0,240000
850,9600,Pave,Veenker,1976,1994,Hip,2,1,3,2,Y,0,187000
851,4435,Pave,CollgCr,2003,2003,Gable,1,0,1,2,Y,0,131500
852,3196,Pave,Blmngtn,2003,2003,Gable,2,0,2,2,Y,0,215000
853,7128,Pave,Crawfor,1941,1950,Gable,2,0,4,1,Y,0,164000
854,12095,Pave,NAmes,1964,1964,Gable,1,1,3,2,Y,0,158000
855,17920,Pave,Sawyer,1955,1974,Hip,1,1,3,2,Y,0,170000
856,6897,Pave,Sawyer,1962,2010,Gable,1,1,3,1,Y,0,127000
857,10970,Pave,CollgCr,1978,1978,Gable,1,0,3,2,Y,0,147000
858,8125,Pave,Gilbert,1994,1995,Gable,2,1,3,2,Y,0,174000
859,10400,Pave,NWAmes,1976,1976,Gable,2,0,3,2,Y,0,152000
860,11029,Pave,NWAmes,1968,1984,Gable,2,1,4,2,Y,0,250000
861,7642,Pave,Crawfor,1918,1998,Gable,1,1,3,1,Y,0,189950
862,11625,Pave,Sawyer,1965,1965,Hip,1,1,3,2,Y,0,131500
863,9672,Pave,SawyerW,1984,1985,Hip,2,0,3,2,Y,0,152000
864,7931,Pave,NAmes,1959,1959,Hip,1,0,3,1,Y,0,132500
865,8640,Pave,Somerst,2007,2008,Gable,2,0,3,2,Y,0,250580
866,8750,Pave,NAmes,1970,1970,Gable,1,0,3,2,Y,0,148500
867,10656,Pave,Timber,2006,2007,Gable,2,0,3,3,Y,0,248900
868,6970,Pave,Sawyer,1961,1961,Gable,1,1,3,2,Y,0,129000
869,14762,Pave,Gilbert,1948,1950,Gable,2,0,2,2,P,0,169000
870,9938,Pave,SawyerW,1993,1994,Gable,2,1,3,2,Y,0,236000
871,6600,Pave,NAmes,1962,1962,Hip,1,0,2,1,Y,0,109500
872,8750,Pave,CollgCr,1998,1998,Gable,2,1,3,2,Y,0,200500
873,8892,Pave,NAmes,1953,1996,Gable,1,0,3,2,Y,0,116000
874,12144,Pave,NAmes,1949,1950,Gable,1,0,3,1,Y,0,133000
875,5720,Pave,OldTown,1941,1950,Gable,1,1,3,1,Y,0,66500
876,9000,Pave,Somerst,2007,2007,Gable,2,1,4,2,Y,0,303477
877,25286,Pave,Mitchel,1963,1963,Gable,1,0,3,2,Y,0,132250
878,8834,Pave,NridgHt,2004,2005,Hip,2,1,4,3,Y,0,350000
879,11782,Pave,Sawyer,1961,1995,Gable,1,0,3,2,Y,0,148000
880,7000,Pave,CollgCr,1978,2005,Gable,1,0,3,1,Y,0,136500
881,7024,Pave,Edwards,2005,2006,Gable,1,1,2,2,Y,0,157000
882,13758,Pave,Timber,1990,1991,Gable,2,1,3,2,Y,0,187500
883,9636,Pave,Gilbert,1992,1993,Gable,2,1,3,2,Y,0,178000
884,6204,Pave,SWISU,1912,1950,Gable,1,0,5,1,Y,0,118500
885,7150,Pave,NAmes,1967,1967,Gable,1,0,3,1,Y,0,100000
886,5119,Pave,Somerst,1999,2000,Gable,2,0,2,2,Y,0,328900
887,8393,Pave,NAmes,1959,2005,Gable,2,0,4,2,Y,0,145000
888,16466,Pave,Edwards,1955,1955,Gable,1,1,3,1,Y,0,135500
889,15865,Pave,NAmes,1970,1970,Flat,2,0,4,2,Y,0,268000
890,12160,Pave,NAmes,1953,1953,Hip,1,0,2,2,Y,0,149500
891,8064,Pave,NAmes,1949,2006,Gable,1,0,3,2,Y,0,122900
892,11184,Pave,Sawyer,1978,1978,Hip,2,1,3,2,Y,0,172500
893,8414,Pave,Sawyer,1963,2003,Hip,1,0,3,1,Y,0,154500
894,13284,Pave,Sawyer,1954,1954,Gable,1,0,3,1,Y,0,165000
895,7018,Pave,SawyerW,1979,1979,Gable,2,0,4,2,Y,0,118858
896,7056,Pave,NAmes,1963,1963,Hip,1,1,4,2,Y,0,140000
897,8765,Pave,IDOTRR,1936,1950,Gable,1,0,2,1,Y,0,106500
898,7018,Pave,SawyerW,1979,1979,Gable,2,0,6,2,Y,0,142953
899,12919,Pave,NridgHt,2009,2010,Hip,2,1,2,3,Y,0,611657
900,6993,Pave,Sawyer,1961,1994,Gable,1,0,3,1,Y,0,135000
901,7340,Pave,NAmes,1971,1971,Gable,1,0,2,1,Y,0,110000
902,8712,Pave,NAmes,1957,2000,Hip,1,0,2,1,Y,0,153000
903,7875,Pave,Gilbert,2003,2003,Gable,2,1,3,2,Y,0,180000
904,14859,Pave,Gilbert,2006,2006,Hip,2,0,3,3,Y,0,240000
905,6173,Pave,Sawyer,1967,1967,Gable,1,0,3,1,Y,0,125500
906,9920,Pave,NAmes,1954,1954,Gable,1,0,3,1,Y,0,128000
907,13501,Pave,Somerst,2006,2006,Gable,2,0,3,3,Y,0,255000
908,11500,Pave,Crawfor,1936,1987,Gable,1,1,3,1,Y,0,250000
909,8885,Pave,Mitchel,1983,1983,Gable,1,0,2,2,Y,0,131000
910,12589,Pave,Gilbert,2005,2005,Gable,2,1,3,2,Y,0,174000
911,11600,Pave,NAmes,1960,1960,Gable,2,0,5,2,Y,0,154300
912,9286,Pave,CollgCr,1977,1989,Gable,1,1,3,1,Y,0,143500
913,6120,Pave,BrkSide,1925,1950,Gable,1,0,3,1,Y,0,88000
914,6270,Pave,Crawfor,1949,1950,Gable,2,0,4,3,Y,0,145000
915,3000,Pave,Somerst,2009,2009,Gable,2,1,2,2,Y,0,173733
916,2001,Pave,MeadowV,1970,1970,Gable,1,1,3,1,Y,0,75000
917,9000,Pave,IDOTRR,1949,1950,Gable,0,0,1,1,Y,0,35311
918,17140,Pave,Edwards,1956,1956,Gable,1,0,3,1,Y,0,135000
919,13125,Pave,SawyerW,1991,1991,Gable,2,1,4,3,Y,0,238000
920,11029,Pave,NAmes,1958,2002,Hip,1,0,3,2,Y,0,176500
921,8462,Pave,SawyerW,1994,1994,Gable,2,1,3,2,Y,0,201000
922,8777,Pave,Edwards,1900,2003,Gable,2,2,4,0,N,0,145900
923,10237,Pave,Gilbert,2005,2006,Gable,2,0,3,2,Y,0,169990
924,8012,Pave,SawyerW,1993,1994,Gable,2,0,2,2,Y,0,193000
925,10240,Pave,NWAmes,1980,1980,Gable,2,0,3,2,Y,0,207500
926,15611,Pave,NWAmes,1977,1977,Gable,2,0,3,2,Y,0,175000
927,11999,Pave,NridgHt,2003,2004,Hip,2,1,4,3,Y,0,285000
928,9900,Pave,NWAmes,1968,1968,Gable,2,1,4,2,Y,0,176000
929,11838,Pave,CollgCr,2001,2001,Hip,2,0,3,2,Y,0,236500
930,13006,Pave,Gilbert,1997,1997,Gable,2,1,4,2,Y,0,222000
931,8925,Pave,Timber,2007,2007,Gable,2,0,3,3,Y,0,201000
932,9100,Pave,NAmes,1965,1965,Gable,1,0,2,1,Y,0,117500
933,11670,Pave,Somerst,2006,2006,Hip,2,0,3,3,Y,0,320000
934,8487,Pave,CollgCr,2004,2004,Gable,2,0,3,2,Y,0,190000
935,27650,Pave,NAmes,1960,2007,Flat,2,0,4,2,Y,0,242000
936,5825,Pave,BrkSide,1926,1953,Gable,1,0,1,2,Y,0,79900
937,10083,Pave,SawyerW,2003,2003,Gable,2,0,2,2,Y,0,184900
938,9675,Pave,Somerst,2005,2005,Gable,2,1,3,2,Y,0,253000
939,8760,Pave,CollgCr,2006,2006,Gable,2,1,3,3,Y,0,239799
940,24090,Pave,ClearCr,1940,1950,Gable,2,0,4,1,Y,0,244400
941,12640,Pave,Mitchel,1976,1976,Gable,2,0,4,2,Y,0,150900
942,8755,Pave,Gilbert,1999,1999,Gable,2,1,3,2,Y,0,214000
943,7711,Pave,Edwards,1977,1977,Gable,2,0,4,0,N,0,150000
944,25000,Pave,Mitchel,1967,1967,Gable,2,0,4,2,P,0,143000
945,14375,Pave,Timber,1958,1958,Gable,1,0,3,2,Y,0,137500
946,8820,Pave,OldTown,1890,1996,Hip,1,0,2,2,Y,0,124900
947,8163,Pave,NAmes,1959,1959,Gable,1,0,3,1,Y,0,143000
948,14536,Pave,Timber,2002,2003,Hip,2,0,3,3,Y,0,270000
949,14006,Pave,CollgCr,2002,2002,Gable,2,1,3,2,Y,0,192500
950,9360,Pave,NWAmes,1972,2006,Hip,1,1,3,2,Y,0,197500
951,7200,Pave,NAmes,1950,2002,Gable,1,0,3,2,Y,0,129000
952,7800,Pave,SawyerW,1965,1965,Gable,1,0,3,1,Y,0,119900
953,7200,Pave,CollgCr,1972,2003,Gable,1,0,2,1,Y,0,133900
954,11075,Pave,Mitchel,1969,1969,Gable,2,1,4,2,Y,0,172000
955,9400,Pave,Edwards,1975,1975,Flat,2,0,4,0,Y,0,127500
956,7136,Pave,Crawfor,1946,1950,Gable,2,0,4,2,Y,0,145000
957,1300,Pave,Blueste,1980,1980,Gable,1,1,2,2,Y,0,124000
958,7420,Pave,Sawyer,1962,1962,Hip,1,0,3,2,Y,0,132000
959,8450,Pave,CollgCr,2003,2003,Gable,2,0,3,2,Y,0,185000
960,2572,Pave,Somerst,1999,1999,Hip,2,1,3,2,Y,0,155000
961,7207,Pave,BrkSide,1958,2008,Gable,1,0,2,0,Y,0,116500
962,12227,Pave,NWAmes,1977,1995,Gable,2,1,4,2,Y,0,272000
963,2308,Pave,NPkVill,1976,1976,Gable,2,1,3,2,Y,0,155000
964,11923,Pave,CollgCr,2007,2007,Gable,2,0,2,2,Y,0,239000
965,11316,Pave,Timber,2002,2003,Gable,2,1,4,2,Y,0,214900
966,10237,Pave,Gilbert,2005,2007,Gable,2,1,3,2,Y,0,178900
967,9600,Pave,Crawfor,1940,1950,Gable,1,1,2,1,Y,0,160000
968,7390,Pave,NAmes,1955,1955,Hip,1,0,3,1,Y,0,135000
969,5925,Pave,OldTown,1910,1950,Gable,1,0,2,0,Y,0,37900
970,10382,Pave,NAmes,1958,1958,Hip,1,0,2,1,Y,0,140000
971,10800,Pave,NAmes,1949,1950,Gable,1,1,4,0,Y,0,135000
972,2268,Pave,NridgHt,2003,2004,Gable,2,0,2,2,Y,0,173000
973,7892,Pave,SawyerW,1979,1979,Gable,2,0,2,1,Y,0,99500
974,11639,Pave,Somerst,2007,2008,Gable,2,0,3,2,Y,0,182000
975,11414,Pave,BrkSide,1910,1993,Gable,1,0,3,2,Y,0,167500
976,2651,Pave,Somerst,2000,2000,Gable,2,1,3,2,Y,0,165000
977,5900,Pave,BrkSide,1923,1958,Gable,1,0,2,0,Y,0,85500
978,4274,Pave,Somerst,2006,2007,Gable,1,1,1,2,Y,0,199900
979,9450,Pave,Edwards,1954,1954,Gable,1,0,3,2,Y,0,110000
980,8816,Pave,Sawyer,1963,1963,Gable,1,0,3,2,Y,0,139000
981,12122,Pave,NAmes,1961,2007,Gable,1,0,3,2,Y,0,178400
982,12203,Pave,NoRidge,1998,1999,Hip,2,1,4,3,Y,0,336000
983,3182,Pave,Blmngtn,2007,2007,Gable,2,0,2,2,Y,0,159895
984,11250,Pave,CollgCr,2002,2002,Gable,2,1,4,2,Y,0,255900
985,10125,Pave,Mitchel,1977,1977,Gable,2,0,4,2,Y,0,126000
986,10880,Pave,Edwards,1950,1950,Gable,1,0,3,1,Y,0,125000
987,5310,Pave,OldTown,1910,2003,Hip,1,0,2,1,Y,0,117000
988,10159,Pave,NridgHt,2009,2010,Hip,2,1,3,3,Y,0,395192
989,12046,Pave,NWAmes,1976,1976,Gable,2,1,4,2,Y,0,195000
990,8125,Pave,Somerst,2006,2006,Gable,2,1,3,2,Y,0,197000
991,9452,Pave,NoRidge,1997,1998,Gable,2,1,3,3,Y,0,348000
992,17671,Pave,OldTown,1882,1986,Gable,1,1,4,2,P,0,168000
993,9760,Pave,NAmes,1964,1993,Hip,2,1,3,2,Y,0,187000
994,8846,Pave,CollgCr,2005,2006,Gable,2,1,3,2,Y,0,173900
995,12456,Pave,NridgHt,2006,2007,Hip,2,0,3,3,Y,0,337500
996,4712,Pave,BrkSide,1946,1950,Gable,1,1,3,1,Y,0,121600
997,10659,Pave,NAmes,1961,1961,Hip,1,0,3,1,Y,0,136500
998,11717,Pave,NWAmes,1970,1970,Hip,2,0,2,2,Y,0,185000
999,9786,Pave,IDOTRR,1922,1950,Hip,1,0,3,1,P,0,91000
1000,6762,Pave,CollgCr,2006,2006,Gable,2,0,2,2,Y,0,206000
1001,10206,Pave,Edwards,1952,1952,Flat,1,0,2,2,Y,0,82000
1002,5400,Pave,OldTown,1920,1950,Gable,1,0,2,1,N,0,86000
1003,11957,Pave,Somerst,2006,2006,Gable,2,0,3,3,Y,0,232000
1004,11500,Pave,NWAmes,1976,1976,Gable,2,0,4,2,Y,0,136905
1005,3182,Pave,Blmngtn,2005,2006,Gable,2,0,1,2,Y,0,181000
1006,8385,Pave,CollgCr,1977,1977,Gable,2,0,3,1,Y,0,149900
1007,12155,Pave,NAmes,1970,1970,Gable,2,0,3,2,Y,0,163500
1008,2217,Pave,MeadowV,1970,1970,Gable,1,1,3,1,Y,0,88000
1009,12118,Pave,Mitchel,2004,2005,Hip,2,0,3,2,Y,0,240000
1010,6000,Pave,SWISU,1926,1950,Gable,2,0,4,0,P,0,102000
1011,21286,Pave,Sawyer,1948,1950,Gable,2,0,4,1,Y,0,135000
1012,9825,Pave,Edwards,1965,1965,Hip,2,0,4,0,Y,0,100000
1013,10592,Pave,Crawfor,1923,1996,Hip,1,1,3,1,Y,0,165000
1014,7200,Pave,OldTown,1910,2006,Hip,1,0,2,1,Y,0,85000
1015,11664,Pave,NAmes,1948,1950,Gable,1,0,2,1,Y,0,119200
1016,8400,Pave,NWAmes,2001,2001,Gable,2,1,3,2,Y,0,227000
1017,11883,Pave,CollgCr,1996,1996,Hip,2,0,3,2,Y,0,203000
1018,5814,Pave,StoneBr,1984,1984,Gable,1,0,1,2,Y,0,187500
1019,10784,Pave,Gilbert,1991,1992,Gable,2,1,3,2,Y,0,160000
1020,3013,Pave,Blmngtn,2005,2005,Gable,2,0,2,2,Y,0,213490
1021,7024,Pave,Edwards,2005,2005,Gable,1,1,2,2,Y,0,176000
1022,7406,Pave,CollgCr,2006,2006,Gable,2,0,2,2,Y,0,194000
1023,9439,Pave,OldTown,1930,1950,Gable,1,0,2,1,Y,0,87000
1024,3182,Pave,Blmngtn,2005,2006,Gable,2,0,2,2,Y,0,191000
1025,15498,Pave,Timber,1976,1976,Hip,2,0,2,2,Y,0,287000
1026,7700,Pave,CollgCr,1972,1972,Gable,1,0,3,2,Y,0,112500
1027,9300,Pave,NAmes,1960,1960,Gable,1,0,3,2,Y,0,167500
1028,9520,Pave,Timber,2007,2008,Gable,2,0,3,3,Y,0,293077
1029,9492,Pave,NAmes,1941,1950,Gable,1,0,3,1,Y,0,105000
1030,1680,Pave,BrDale,1972,1972,Gable,1,1,3,1,Y,0,118000
1031,7082,Pave,SWISU,1916,1995,Gable,2,0,5,0,N,0,160000
1032,15863,Pave,SWISU,1920,1970,Gable,2,1,5,2,Y,0,197000
1033,14541,Pave,NoRidge,1993,1993,Gable,2,1,5,3,Y,0,310000
1034,8125,Pave,CollgCr,2002,2002,Gable,2,0,3,3,Y,0,230000
1035,6305,Pave,Crawfor,1938,1950,Gable,1,0,2,1,Y,0,119750
1036,11500,Pave,Edwards,1957,1957,Gable,1,0,3,1,N,0,84000
1037,12898,Pave,Timber,2007,2008,Hip,2,0,2,3,Y,0,315500
1038,9240,Pave,CollgCr,2001,2002,Gable,2,1,3,2,Y,0,287000
1039,1533,Pave,MeadowV,1970,2008,Gable,1,1,3,0,Y,0,97000
1040,1477,Pave,MeadowV,1970,1970,Gable,1,0,1,1,Y,0,80000
1041,13125,Pave,Sawyer,1957,2000,Gable,2,0,3,2,Y,0,155000
1042,9130,Pave,NWAmes,1966,2000,Hip,1,1,4,2,Y,0,173000
1043,5381,Pave,NridgHt,2005,2005,Gable,2,0,1,2,Y,0,196000
1044,11839,Pave,SawyerW,1990,1990,Hip,2,1,4,2,Y,0,262280
1045,9600,Pave,NWAmes,1981,1981,Hip,2,1,4,2,Y,0,278000
1046,13680,Pave,Edwards,1955,1955,Hip,2,0,4,2,Y,0,139600
1047,16056,Pave,StoneBr,2005,2006,Hip,3,1,4,3,Y,0,556581
1048,9245,Pave,CollgCr,1994,1995,Gable,1,0,3,2,Y,0,145000
1049,21750,Pave,Mitchel,1960,2006,Hip,1,0,3,2,Y,0,115000
1050,11100,Pave,Edwards,1946,2006,Gable,1,0,2,1,Y,0,84900
1051,8993,Pave,Gilbert,2007,2007,Gable,2,0,3,2,Y,0,176485
1052,11175,Pave,CollgCr,2007,2007,Gable,2,0,3,2,Y,0,200141
1053,9500,Pave,NAmes,1964,1978,Gable,1,1,4,2,Y,0,165000
1054,8562,Pave,Edwards,1957,2002,Hip,1,0,4,1,Y,0,144500
1055,11367,Pave,CollgCr,2002,2002,Gable,2,1,3,2,Y,0,255000
1056,11361,Pave,NWAmes,1976,1976,Gable,2,0,3,2,Y,0,180000
1057,7052,Pave,NridgHt,2005,2005,Gable,2,0,2,2,Y,0,185850
1058,29959,Pave,NoRidge,1994,1994,Gable,2,1,3,2,Y,0,248000
1059,11308,Pave,NridgHt,2008,2008,Gable,2,1,3,3,Y,0,335000
1060,11275,Pave,Crawfor,1932,1950,Gable,1,1,3,2,Y,0,220000
1061,4920,Pave,StoneBr,2001,2001,Gable,2,0,2,2,Y,0,213500
1062,18000,Grvl,IDOTRR,1935,1950,Gable,1,0,2,3,Y,0,81000
1063,13600,Pave,OldTown,1900,1950,Gable,2,0,5,2,Y,0,90000
1064,6000,Pave,OldTown,1925,1980,Gable,1,0,2,2,Y,0,110500
1065,11000,Pave,NAmes,1966,1966,Gable,1,1,3,2,Y,0,154000
1066,14000,Pave,ClearCr,1996,1997,Gable,2,1,3,2,Y,0,328000
1067,7837,Pave,Gilbert,1993,1994,Gable,2,1,3,2,Y,0,178000
1068,9760,Pave,NAmes,1964,1964,Gable,1,1,4,2,Y,0,167900
1069,3964,Pave,MeadowV,1973,1973,Gable,2,1,5,2,Y,0,151400
1070,9600,Pave,NAmes,1949,2003,Gable,1,0,2,2,Y,0,135000
1071,10152,Pave,NAmes,1956,1956,Hip,1,0,3,1,Y,0,135000
1072,11700,Pave,NWAmes,1968,1968,Gable,1,1,4,2,Y,0,154000
1073,7585,Pave,Edwards,1948,1950,Gable,1,0,4,1,P,0,91500
1074,7950,Pave,Edwards,1977,1977,Hip,1,1,3,2,Y,0,159500
1075,8556,Pave,CollgCr,2006,2006,Gable,2,0,2,3,Y,0,194000
1076,13125,Pave,Crawfor,1940,1984,Gable,1,1,3,1,Y,0,219500
1077,10800,Pave,OldTown,1936,1989,Gable,2,0,3,2,Y,0,170000
1078,15870,Pave,NAmes,1969,1969,Gable,1,0,3,1,Y,0,138800
1079,4435,Pave,CollgCr,2004,2004,Gable,1,0,1,2,Y,0,155900
1080,8775,Pave,CollgCr,1994,1994,Gable,1,0,3,1,Y,0,126000
1081,11040,Pave,NWAmes,1971,2004,Gable,2,0,3,2,Y,0,145000
1082,7500,Pave,Sawyer,1963,1963,Gable,1,1,3,1,Y,0,133000
1083,8749,Pave,CollgCr,2002,2002,Gable,2,0,3,2,Y,0,192000
1084,8800,Pave,NAmes,1964,1964,Hip,1,0,3,1,Y,0,160000
1085,13031,Pave,Gilbert,1995,1996,Gable,2,1,3,2,Y,0,187500
1086,9069,Pave,SawyerW,1992,1992,Gable,1,0,2,2,Y,0,147000
1087,1974,Pave,MeadowV,1973,1973,Gable,1,1,3,1,Y,0,83500
1088,10574,Pave,Somerst,2005,2006,Gable,2,1,3,3,Y,0,252000
1089,2522,Pave,Edwards,2004,2004,Gable,2,0,3,2,Y,0,137500
1090,3316,Pave,Somerst,2005,2005,Gable,1,1,1,2,Y,0,197000
1091,8544,Pave,NAmes,1950,1950,Gable,2,0,2,2,Y,0,92900
1092,2160,Pave,Somerst,1999,2000,Gable,2,1,2,2,Y,0,160000
1093,8400,Pave,SWISU,1925,1950,Gable,2,0,4,2,Y,0,136500
1094,9230,Pave,NAmes,1965,1998,Hip,1,1,1,2,Y,0,146000
1095,5868,Pave,NAmes,1956,2000,Gable,1,0,2,1,Y,0,129000
1096,9317,Pave,CollgCr,2006,2006,Gable,2,0,3,2,Y,0,176432
1097,6882,Pave,IDOTRR,1914,2006,Gable,1,1,3,0,Y,0,127000
1098,3696,Pave,StoneBr,1986,1986,Gable,1,1,2,2,Y,0,170000
1099,6000,Pave,BrkSide,1936,1950,Gable,1,0,3,1,Y,0,128000
1100,11880,Pave,NWAmes,1978,1978,Gable,2,0,3,2,Y,0,157000
1101,8400,Pave,SWISU,1920,1950,Gable,1,0,1,1,N,0,60000
1102,9758,Pave,NAmes,1971,1971,Gable,1,0,3,1,Y,0,119500
1103,7000,Pave,NAmes,1960,2002,Gable,1,0,2,1,Y,0,135000
1104,8910,Pave,NAmes,1959,1959,Hip,1,0,3,2,Y,0,159500
1105,2016,Pave,BrDale,1970,1970,Gable,2,1,3,2,Y,0,106000
1106,12256,Pave,NoRidge,1994,1995,Gable,2,1,3,2,Y,0,325000
1107,10357,Pave,SawyerW,1990,1991,Hip,2,0,3,2,Y,0,179900
1108,23257,Pave,Gilbert,2006,2006,Gable,2,1,3,2,Y,0,274725
1109,8063,Pave,Gilbert,2000,2000,Gable,2,1,3,2,Y,0,181000
1110,11362,Pave,NridgHt,2004,2005,Gable,2,0,3,3,Y,0,280000
1111,8000,Pave,Gilbert,1995,1996,Gable,2,1,3,2,Y,0,188000
1112,10480,Pave,NWAmes,1976,1976,Hip,2,1,4,2,Y,0,205000
1113,7100,Pave,NAmes,1957,1957,Gable,1,0,2,1,Y,0,129900
1114,8923,Pave,NAmes,1953,2006,Gable,1,0,2,1,Y,0,134500
1115,5400,Pave,OldTown,1954,2000,Gable,1,0,2,1,Y,0,117000
1116,12085,Pave,NridgHt,2007,2007,Hip,2,0,3,3,Y,0,318000
1117,7750,Pave,Gilbert,2002,2002,Hip,2,1,3,2,Y,0,184100
1118,9764,Pave,Sawyer,1967,2003,Gable,1,0,3,2,Y,0,130000
1119,13825,Pave,Sawyer,1958,1987,Gable,1,0,3,1,Y,0,140000
1120,7560,Pave,NAmes,1959,1959,Gable,1,0,3,1,Y,0,133700
1121,8263,Pave,IDOTRR,1920,1950,Gable,1,0,2,1,Y,0,118400
1122,10084,Pave,CollgCr,2005,2006,Gable,2,0,3,3,Y,0,212900
1123,8926,Pave,Edwards,1956,1956,Gable,1,0,3,1,Y,0,112000
1124,9405,Pave,Edwards,1947,2008,Hip,1,0,2,0,Y,0,118000
1125,9125,Pave,Gilbert,1992,1992,Gable,2,1,3,2,Y,0,163900
1126,10434,Pave,NAmes,1955,1955,Gable,1,0,2,2,Y,0,115000
1127,3684,Pave,Blmngtn,2007,2007,Hip,2,0,2,3,Y,0,174000
1128,14572,Pave,Gilbert,2004,2004,Hip,2,0,3,3,Y,0,259000
1129,11796,Pave,Gilbert,2004,2005,Gable,2,1,4,2,Y,0,215000
1130,7200,Pave,OldTown,1980,1980,Gable,1,0,2,2,Y,0,140000
1131,7804,Pave,SWISU,1928,1950,Gable,2,0,4,2,Y,0,135000
1132,10712,Pave,Mitchel,1991,1992,Gable,1,0,3,0,Y,0,93500
1133,9900,Pave,OldTown,1880,1950,Gable,2,0,5,1,N,0,117500
1134,9828,Pave,SawyerW,1995,1995,Gable,2,1,3,2,Y,0,239500
1135,8773,Pave,Gilbert,1997,1997,Gable,2,1,3,2,Y,0,169000
1136,6180,Pave,BrkSide,1926,1950,Gable,1,0,2,1,Y,0,102000
1137,9600,Pave,NAmes,1950,1950,Gable,1,0,3,1,Y,0,119000
1138,6342,Pave,Sawyer,1875,1996,Gable,1,0,2,0,N,0,94000
1139,9819,Pave,Mitchel,1977,1977,Gable,2,0,2,2,Y,0,196000
1140,8731,Pave,BrkSide,1920,1950,Gable,1,0,3,2,Y,0,144000
1141,7350,Pave,NAmes,1951,1951,Gable,1,0,2,2,Y,0,139000
1142,10304,Pave,NWAmes,1976,1976,Gable,2,1,4,2,Y,0,197500
1143,9965,Pave,CollgCr,2006,2007,Hip,3,0,4,3,Y,0,424870
1144,9000,Pave,Sawyer,1959,1959,Gable,1,0,3,0,Y,0,80000
1145,12180,Pave,Edwards,1941,1950,Gable,1,0,2,1,Y,0,80000
1146,6240,Pave,BrkSide,1928,1950,Gable,1,0,3,1,Y,0,149000
1147,11200,Pave,SawyerW,1985,1985,Gable,2,0,3,2,Y,0,180000
1148,12000,Pave,Crawfor,1941,1950,Gable,1,1,3,1,Y,0,174500
1149,5700,Pave,OldTown,1926,1950,Gable,1,0,2,1,Y,0,116900
1150,9000,Pave,OldTown,1920,1988,Hip,1,0,3,2,Y,0,143000
1151,8280,Pave,NAmes,1950,1950,Gable,1,0,2,1,Y,0,124000
1152,17755,Pave,Edwards,1959,1959,Gable,1,1,3,2,Y,0,149900
1153,14115,Pave,Crawfor,1956,2004,Gable,1,0,2,2,Y,0,230000
1154,5890,Pave,IDOTRR,1930,2007,Gable,1,0,2,1,Y,0,120500
1155,13700,Pave,NAmes,1965,1988,Gable,1,2,4,2,Y,0,201800
1156,10768,Pave,Veenker,1976,2004,Gable,2,0,3,2,Y,0,218000
1157,9350,Pave,NAmes,1965,1999,Gable,2,0,3,2,Y,0,179900
1158,5001,Pave,NridgHt,2007,2008,Gable,2,0,2,2,Y,0,230000
1159,11932,Pave,Somerst,2007,2008,Gable,2,0,3,3,Y,0,235128
1160,9120,Pave,NWAmes,1974,1974,Hip,2,1,4,2,Y,0,185000
1161,2280,Pave,NPkVill,1978,1978,Gable,2,1,3,2,Y,0,146000
1162,14778,Pave,Crawfor,1954,2006,Hip,1,0,3,2,Y,0,224000
1163,8724,Pave,Sawyer,1968,1968,Gable,1,0,3,2,Y,0,129000
1164,12900,Pave,Sawyer,1969,1969,Gable,0,2,0,2,Y,0,108959
1165,16157,Pave,Veenker,1978,1978,Gable,1,1,2,2,Y,0,194000
1166,9541,Pave,NridgHt,2009,2009,Gable,2,0,3,2,Y,0,233170
1167,10475,Pave,CollgCr,2008,2008,Gable,2,0,3,3,Y,0,245350
1168,10852,Pave,Gilbert,2000,2000,Gable,2,1,3,2,Y,0,173000
1169,13728,Pave,Edwards,1935,1986,Hip,2,0,4,2,Y,0,235000
1170,35760,Pave,NoRidge,1995,1996,Hip,3,1,4,3,Y,0,625000
1171,9880,Pave,Mitchel,1977,1977,Gable,1,0,3,1,Y,576,171000
1172,9120,Pave,NAmes,1958,1958,Hip,1,0,3,2,Y,0,163000
1173,4017,Pave,Somerst,2006,2007,Gable,2,1,2,2,Y,0,171900
1174,18030,Pave,ClearCr,1946,1994,Gable,3,0,3,0,Y,0,200500
1175,16560,Pave,Crawfor,1932,1950,Gable,2,1,4,2,Y,0,239000
1176,10678,Pave,NoRidge,1992,2000,Hip,2,1,4,2,Y,0,285000
1177,6951,Pave,Mitchel,1984,1985,Gable,1,0,3,1,Y,0,119500
1178,3950,Pave,OldTown,1926,2004,Gable,1,0,3,1,N,0,115000
1179,7681,Pave,Crawfor,1921,1950,Gable,1,1,3,1,Y,0,154900
1180,8335,Pave,Edwards,1954,1954,Gable,1,0,3,0,N,0,93000
1181,11170,Pave,Timber,1990,1991,Gable,2,1,4,2,Y,0,250000
1182,5587,Pave,Crawfor,2008,2008,Hip,2,0,2,2,Y,0,392500
1183,15623,Pave,NoRidge,1996,1996,Hip,3,1,4,3,Y,555,745000
1184,10800,Pave,OldTown,1920,1950,Hip,1,0,2,2,Y,0,120000
1185,35133,Grvl,Timber,1963,1963,Hip,1,1,3,3,Y,0,186700
1186,9738,Pave,Edwards,1924,1950,Gable,1,0,4,1,Y,0,104900
1187,10615,Pave,OldTown,1900,1970,Gable,2,0,3,2,Y,0,95000
1188,12461,Pave,NoRidge,1994,1995,Gable,2,0,2,3,Y,0,262000
1189,8935,Pave,CollgCr,2002,2002,Gable,2,1,3,2,Y,0,195000
1190,7500,Pave,Gilbert,1999,1999,Gable,2,1,3,2,Y,0,189000
1191,32463,Pave,Mitchel,1961,1975,Gable,1,0,3,4,Y,0,168000
1192,2645,Pave,Somerst,1999,2000,Gable,2,1,2,2,Y,0,174000
1193,9600,Pave,OldTown,1925,1994,Gambrel,1,0,3,1,P,0,125000
1194,4500,Pave,Mitchel,1999,1999,Hip,2,0,2,2,Y,0,165000
1195,9364,Pave,Sawyer,1969,1969,Gable,1,1,4,1,Y,0,158000
1196,8029,Pave,Gilbert,2005,2005,Gable,2,1,3,2,Y,0,176000
1197,14054,Pave,Gilbert,2006,2006,Gable,2,1,4,3,Y,0,219210
1198,8850,Pave,OldTown,1916,1950,Gable,1,0,3,1,Y,0,144000
1199,9100,Pave,CollgCr,2001,2001,Gable,2,0,3,2,Y,0,178000
1200,11235,Pave,Sawyer,1963,1979,Gable,1,1,3,2,Y,0,148000
1201,9353,Pave,NAmes,1970,1970,Gable,1,0,3,1,Y,0,116050
1202,10400,Pave,CollgCr,1998,1998,Gable,2,1,3,2,Y,0,197900
1203,6000,Pave,BrkSide,1925,1997,Gable,1,0,3,1,N,0,117000
1204,9750,Pave,CollgCr,2000,2001,Gable,2,0,3,2,Y,0,213000
1205,10140,Pave,NWAmes,1975,1975,Gable,1,1,3,2,Y,0,153500
1206,14684,Pave,SawyerW,1990,1991,Hip,2,0,3,3,Y,0,271900
1207,8900,Pave,SawyerW,1966,1966,Gable,1,0,2,1,Y,0,107000
1208,9135,Pave,CollgCr,2003,2003,Gable,2,0,3,2,Y,0,200000
1209,7763,Pave,NAmes,1962,1980,Gable,1,0,3,2,Y,0,140000
1210,10182,Pave,Somerst,2006,2006,Hip,2,0,3,2,Y,0,290000
1211,11218,Pave,SawyerW,1992,1992,Gable,2,1,3,2,Y,0,189000
1212,12134,Pave,Gilbert,1988,2005,Gable,2,0,4,2,Y,0,164000
1213,9340,Pave,Edwards,1941,1950,Hip,1,0,2,1,N,0,113000
1214,10246,Pave,Sawyer,1965,2001,Gable,0,0,0,1,Y,0,145000
1215,10205,Pave,NAmes,1962,1962,Gable,1,0,3,1,Y,0,134500
1216,7094,Pave,Sawyer,1966,1966,Gable,1,0,3,1,Y,0,125000
1217,8930,Pave,Sawyer,1978,1978,Gable,2,0,4,2,Y,0,112000
1218,8640,Pave,Somerst,2009,2009,Gable,2,0,3,2,Y,0,229456
1219,6240,Pave,BrkSide,1947,1950,Gable,1,0,2,0,N,0,80500
1220,1680,Pave,BrDale,1971,1971,Gable,1,1,3,0,N,0,91500
1221,7800,Pave,NAmes,1964,1964,Gable,1,0,2,1,Y,0,115000
1222,8250,Pave,Sawyer,1968,1968,Hip,1,0,3,1,Y,0,134000
1223,10496,Pave,NAmes,1949,1950,Gable,2,0,3,1,Y,0,143000
1224,10680,Pave,NAmes,1951,1951,Hip,2,0,4,2,Y,0,137900
1225,15384,Pave,Gilbert,2004,2005,Gable,2,1,3,2,Y,0,184000
1226,10482,Pave,NAmes,1958,1958,Hip,1,0,3,1,Y,0,145000
1227,14598,Pave,Somerst,2007,2007,Gable,2,1,4,3,Y,0,214000
1228,8872,Pave,NAmes,1965,2008,Gable,1,0,2,2,Y,0,147000
1229,8769,Pave,NridgHt,2008,2008,Hip,1,1,1,3,Y,0,367294
1230,7910,Pave,NAmes,1960,1960,Hip,2,0,4,1,Y,0,127000
1231,18890,Pave,Sawyer,1977,1977,Shed,2,2,4,2,N,0,190000
1232,7728,Pave,NAmes,1962,1962,Hip,1,0,3,2,Y,0,132500
1233,9842,Pave,NAmes,1962,1962,Gable,2,0,2,2,Y,0,101800
1234,12160,Pave,NAmes,1959,1959,Hip,1,0,3,2,Y,0,142000
1235,8525,Pave,SWISU,1911,1950,Gable,1,1,4,0,N,0,130000
1236,13132,Pave,Crawfor,1914,1950,Gable,1,1,4,1,N,0,138887
1237,2628,Pave,NridgHt,2003,2003,Gable,2,1,2,2,Y,0,175500
1238,12393,Pave,CollgCr,2004,2005,Gable,2,1,4,2,Y,0,195000
1239,13072,Pave,SawyerW,2005,2005,Gable,1,1,3,2,Y,0,142500
1240,9037,Pave,Timber,2006,2006,Hip,2,0,2,2,Y,0,265900
1241,8158,Pave,CollgCr,2003,2003,Gable,2,1,3,2,Y,0,224900
1242,9849,Pave,Somerst,2007,2007,Hip,2,0,3,3,Y,0,248328
1243,10625,Pave,NWAmes,1974,1974,Gable,2,0,3,2,Y,0,170000
1244,13891,Pave,NridgHt,2006,2006,Gable,2,1,2,3,Y,0,465000
1245,11435,Pave,Crawfor,1929,1950,Gable,1,0,3,2,Y,0,230000
1246,12090,Pave,NWAmes,1984,2003,Hip,3,1,3,2,Y,0,178000
1247,8125,Pave,Somerst,2005,2006,Gable,2,1,3,2,Y,0,186500
1248,12328,Pave,Mitchel,1976,1976,Gable,1,0,3,3,Y,0,169900
1249,9600,Pave,OldTown,1917,1950,Gable,1,1,3,2,P,0,129500
1250,7200,Pave,NAmes,1950,1950,Gable,1,0,3,1,Y,0,119000
1251,11160,Pave,NAmes,1968,1968,Hip,2,1,3,2,Y,0,244000
1252,3136,Pave,NridgHt,2003,2003,Gable,2,0,2,2,Y,0,171750
1253,9858,Pave,Mitchel,1968,1968,Gable,1,0,3,1,Y,0,130000
1254,17542,Pave,Veenker,1974,2003,Gable,2,1,3,2,Y,0,294000
1255,6931,Pave,Edwards,2003,2004,Gable,2,1,3,2,Y,0,165400
1256,6240,Pave,BrkSide,1931,1950,Gable,1,0,3,1,Y,0,127500
1257,14303,Pave,NoRidge,1994,1994,Hip,2,0,2,2,Y,0,301500
1258,4060,Pave,Edwards,1922,1950,Gable,1,0,2,0,Y,0,99900
1259,9587,Pave,Gilbert,2005,2005,Gable,2,0,2,2,Y,0,190000
1260,9750,Pave,NAmes,1969,1969,Gable,1,1,3,2,Y,0,151000
1261,24682,Pave,Gilbert,1999,1999,Gable,2,1,3,2,Y,0,181000
1262,9600,Pave,NAmes,1956,1956,Hip,1,0,2,1,Y,0,128900
1263,11250,Pave,ClearCr,1957,1989,Gable,1,0,5,1,Y,0,161500
1264,13515,Pave,BrkSide,1919,1950,Gambrel,1,0,3,2,N,0,180500
1265,4060,Pave,NAmes,1998,1999,Gable,2,0,2,2,Y,0,181000
1266,3735,Pave,Somerst,1999,1999,Hip,2,1,3,2,Y,0,183900
1267,10120,Pave,OldTown,1910,1950,Hip,1,1,4,1,N,0,122000
1268,13214,Pave,Timber,2008,2009,Hip,2,0,3,3,Y,0,378500
1269,14100,Pave,Crawfor,1935,1997,Gable,3,1,4,3,Y,0,381000
1270,11344,Pave,NAmes,1958,1958,Gable,1,1,3,1,Y,0,144000
1271,23595,Pave,ClearCr,1979,1979,Shed,0,1,0,2,Y,0,260000
1272,9156,Pave,NWAmes,1968,1968,Hip,2,0,3,2,Y,0,185750
1273,13526,Pave,Sawyer,1965,1965,Hip,1,0,3,1,Y,0,137000
1274,11512,Pave,Edwards,1959,2006,Gable,1,0,2,1,Y,0,177000
1275,5362,Pave,Crawfor,1910,2003,Gable,2,0,3,2,Y,0,139000
1276,11345,Pave,NAmes,1948,1950,Gable,2,0,4,2,Y,0,137000
1277,12936,Pave,NWAmes,1972,1972,Gable,1,1,3,2,Y,0,162000
1278,17871,Pave,NWAmes,1967,1976,Gable,1,1,3,2,Y,0,197900
1279,9473,Pave,CollgCr,2002,2002,Gable,2,1,3,2,Y,0,237000
1280,7500,Pave,IDOTRR,1920,1950,Gable,1,0,2,2,Y,0,68400
1281,9808,Pave,CollgCr,2002,2002,Gable,2,0,3,2,Y,0,227000
1282,8049,Pave,Timber,1990,1990,Hip,2,0,2,2,Y,0,180000
1283,8800,Pave,CollgCr,1977,2008,Gable,2,0,3,2,Y,0,150500
1284,9400,Pave,Mitchel,1971,1971,Mansard,2,2,4,0,Y,0,139000
1285,9638,Pave,SWISU,1919,1990,Gable,2,0,4,1,Y,0,169000
1286,6000,Pave,BrkSide,1939,1950,Gable,1,0,4,1,Y,0,132500
1287,9790,Pave,NWAmes,1963,1963,Hip,1,1,3,2,Y,0,143000
1288,36500,Pave,ClearCr,1964,1964,Gable,2,0,4,2,N,0,190000
1289,5664,Pave,StoneBr,2000,2000,Gable,2,0,2,2,Y,0,278000
1290,11065,Pave,NridgHt,2006,2006,Gable,2,1,3,3,Y,0,281000
1291,14112,Pave,NAmes,1964,1964,Hip,1,0,3,2,Y,0,180500
1292,1680,Pave,BrDale,1972,1972,Gable,2,1,3,1,Y,0,119500
1293,6600,Pave,OldTown,1892,1965,Gable,2,0,4,1,Y,0,107500
1294,10140,Pave,NWAmes,1976,1976,Gable,2,1,4,2,Y,0,162900
1295,8172,Pave,Edwards,1955,1990,Hip,1,0,2,2,N,0,115000
1296,8400,Pave,NAmes,1968,1968,Hip,1,1,3,1,Y,0,138500
1297,8700,Pave,NAmes,1963,1963,Hip,2,0,3,2,Y,0,155000
1298,3675,Pave,Edwards,2005,2006,Gable,2,0,2,2,Y,0,140000
1299,63887,Pave,Edwards,2008,2008,Hip,2,1,3,2,Y,480,160000
1300,7500,Pave,NAmes,1959,1994,Hip,1,1,3,1,Y,0,154000
1301,10762,Pave,Gilbert,1999,1999,Gable,2,1,3,2,Y,0,225000
1302,7500,Pave,Crawfor,1942,1950,Gable,1,0,3,1,P,0,177500
1303,10120,Pave,NoRidge,1994,1994,Hip,2,1,4,3,Y,0,290000
1304,8688,Pave,Somerst,2005,2005,Gable,2,0,3,3,Y,0,232000
1305,3363,Pave,Edwards,2004,2004,Gable,2,0,3,2,Y,0,130000
1306,13173,Pave,NridgHt,2006,2007,Hip,2,0,2,2,Y,0,325000
1307,6955,Pave,NridgHt,2005,2006,Gable,2,0,2,2,Y,0,202500
1308,8072,Pave,CollgCr,1994,1995,Gable,1,0,3,2,Y,0,138000
1309,12000,Pave,OldTown,1948,2005,Gable,1,0,2,2,Y,0,147000
1310,7153,Pave,SawyerW,1991,1991,Gable,2,0,3,2,Y,0,179200
1311,17500,Pave,Crawfor,1959,2002,Gable,2,0,3,2,Y,0,335000
1312,8814,Pave,CollgCr,2005,2007,Gable,2,0,3,2,Y,0,203000
1313,9572,Pave,NoRidge,1990,1990,Gable,2,1,4,2,Y,0,302000
1314,14774,Pave,NoRidge,1999,1999,Gable,2,1,4,3,Y,0,333168
1315,8190,Pave,Edwards,1954,1954,Hip,1,0,3,1,Y,0,119000
1316,11075,Pave,NAmes,1969,1969,Gable,2,1,4,2,Y,0,206900
1317,10226,Pave,CollgCr,2008,2008,Gable,2,0,3,3,Y,0,295493
1318,4230,Pave,Somerst,2006,2007,Gable,2,0,2,2,Y,0,208900
1319,14781,Pave,CollgCr,2001,2002,Hip,2,0,3,3,Y,0,275000
1320,10215,Pave,Edwards,1954,1954,Hip,1,0,3,1,Y,0,111000
1321,8400,Pave,NAmes,1957,1957,Hip,1,1,3,2,Y,0,156500
1322,6627,Pave,BrkSide,1949,1950,Hip,1,0,2,1,Y,0,72500
1323,10186,Pave,NoRidge,1992,1992,Gable,2,1,3,2,Y,0,190000
1324,5330,Pave,BrkSide,1940,1950,Hip,1,0,2,0,Y,0,82500
1325,9986,Pave,Somerst,2006,2007,Gable,2,0,2,3,Y,0,147000
1326,3636,Pave,IDOTRR,1922,1950,Gable,1,0,2,0,N,0,55000
1327,4270,Pave,Edwards,1931,2006,Gable,1,0,3,0,Y,0,79000
1328,6600,Pave,Mitchel,1982,2008,Gable,1,0,3,1,Y,0,130500
1329,10440,Pave,OldTown,1920,1950,Gable,2,0,5,2,Y,0,256000
1330,9084,Pave,Gilbert,1998,1998,Hip,2,1,3,2,Y,0,176500
1331,10000,Pave,Somerst,2006,2006,Hip,2,0,3,3,Y,0,227000
1332,10780,Pave,CollgCr,1976,1976,Gable,1,0,3,2,Y,0,132500
1333,8877,Pave,Edwards,1938,1958,Gable,1,0,2,1,Y,0,100000
1334,7200,Pave,IDOTRR,1938,1995,Gable,1,1,2,1,Y,0,125500
1335,2368,Pave,BrDale,1970,1970,Gable,1,1,3,2,Y,0,125000
1336,9650,Pave,NWAmes,1977,1977,Gable,2,0,2,2,Y,0,167900
1337,9246,Pave,NWAmes,1973,1973,Gable,2,0,4,2,Y,0,135000
1338,4118,Pave,OldTown,1941,1950,Gable,1,0,2,0,N,0,52500
1339,13450,Pave,CollgCr,2002,2002,Gable,2,1,3,2,Y,0,200000
1340,9560,Pave,CollgCr,1972,1972,Hip,1,0,3,1,Y,0,128500
1341,8294,Pave,NAmes,1971,1971,Gable,1,0,3,4,Y,0,123000
1342,13695,Pave,SawyerW,2003,2004,Gable,1,0,3,2,Y,0,155000
1343,9375,Pave,CollgCr,2002,2002,Gable,2,1,3,2,Y,0,228500
1344,7558,Pave,Crawfor,1928,1950,Gable,1,1,3,2,Y,0,177000
1345,11103,Pave,CollgCr,2006,2006,Gable,2,1,3,2,Y,0,155835
1346,6000,Pave,OldTown,1920,1950,Hip,1,0,2,1,Y,0,108500
1347,20781,Pave,NWAmes,1968,2003,Hip,2,0,3,2,Y,0,262500
1348,15306,Pave,Timber,2006,2007,Gable,2,0,3,3,Y,0,283463
1349,16196,Pave,SawyerW,1998,1998,Gable,2,0,3,2,Y,0,215000
1350,5250,Pave,OldTown,1872,1987,Gable,2,0,4,0,Y,0,122000
1351,11643,Pave,NAmes,1969,1969,Gable,2,2,6,4,Y,0,200000
1352,9247,Pave,NAmes,1962,1962,Gable,1,1,4,2,Y,0,171000
1353,6000,Pave,BrkSide,1937,2000,Gable,1,0,2,2,N,0,134900
1354,14720,Pave,NoRidge,1995,1996,Hip,2,1,4,3,Y,0,410000
1355,10316,Pave,CollgCr,2000,2000,Gable,2,1,3,3,Y,0,235000
1356,10192,Pave,NWAmes,1968,1992,Gable,3,0,4,2,Y,0,170000
1357,9477,Pave,NAmes,1966,1966,Gable,1,0,3,1,Y,0,110000
1358,12537,Pave,NAmes,1971,2008,Gable,1,1,3,2,Y,0,149900
1359,2117,Pave,Somerst,2000,2000,Gable,2,1,3,2,Y,0,177500
1360,16737,Pave,NridgHt,2004,2005,Hip,2,0,3,3,Y,0,315000
1361,9842,Pave,SWISU,1921,1998,Gable,3,1,4,2,Y,0,189000
1362,16158,Pave,StoneBr,2005,2005,Hip,2,0,3,2,Y,0,260000
1363,12513,Pave,NAmes,1920,2007,Gable,2,0,4,1,Y,0,104900
1364,8499,Pave,Gilbert,2006,2007,Gable,2,1,3,2,Y,0,156932
1365,3180,Pave,Somerst,2005,2005,Gable,2,1,2,2,Y,0,144152
1366,7500,Pave,Somerst,2000,2000,Gable,2,1,3,2,Y,0,216000
1367,9179,Pave,CollgCr,1999,1999,Gable,2,1,3,2,Y,0,193000
1368,2665,Pave,MeadowV,1977,1977,Gable,2,0,4,1,Y,0,127000
1369,4435,Pave,CollgCr,2003,2004,Gable,1,0,1,2,Y,0,144000
1370,10635,Pave,CollgCr,2003,2003,Hip,2,0,3,2,Y,0,232000
1371,5400,Pave,OldTown,1920,1950,Gable,1,0,2,1,Y,0,105000
1372,9600,Pave,NAmes,1955,1996,Hip,1,0,3,1,Y,0,165500
1373,9750,Pave,CollgCr,1998,1998,Gable,2,1,3,2,Y,0,274300
1374,11400,Pave,NoRidge,2001,2002,Hip,2,1,2,3,Y,0,466500
1375,10625,Pave,Somerst,2005,2005,Gable,2,1,3,3,Y,0,250000
1376,10991,Pave,Timber,2007,2007,Gable,2,0,3,3,Y,0,239000
1377,6292,Pave,SWISU,1930,1950,Gable,1,0,2,1,Y,0,91000
1378,10998,Pave,Edwards,1941,1960,Gable,2,0,3,2,Y,0,117000
1379,1953,Pave,BrDale,1973,1973,Gable,1,1,2,1,Y,0,83000
1380,9735,Pave,Timber,2006,2007,Gable,2,1,3,2,Y,0,167500
1381,8212,Pave,Edwards,1914,1950,Gable,1,0,2,1,Y,0,58500
1382,12925,Pave,NAmes,1970,1970,Gable,2,1,4,2,Y,0,237500
1383,7200,Pave,OldTown,1920,1950,Hip,1,1,4,2,N,0,157000
1384,25339,Pave,Sawyer,1918,2007,Gable,2,0,3,2,N,0,112000
1385,9060,Pave,Edwards,1939,1950,Gable,1,0,2,1,P,0,105000
1386,5436,Pave,IDOTRR,1922,2007,Gable,1,0,3,1,N,0,125500
1387,16692,Pave,NWAmes,1978,1978,Gable,3,1,5,2,Y,519,250000
1388,8520,Pave,OldTown,1916,1950,Gable,2,0,5,1,Y,0,136000
1389,14892,Pave,Gilbert,2006,2007,Gable,2,0,3,3,Y,0,377500
1390,6000,Pave,BrkSide,1941,1950,Gable,1,0,3,2,Y,0,131000
1391,9100,Pave,CollgCr,2000,2000,Gable,2,0,3,2,Y,0,235000
1392,8944,Pave,NAmes,1967,1967,Gable,2,0,4,3,Y,0,124000
1393,7838,Pave,NAmes,1967,1967,Gable,1,0,3,1,Y,0,123000
1394,10800,Pave,OldTown,1905,2000,Gable,2,0,3,2,Y,0,163000
1395,4045,Pave,Blmngtn,2006,2006,Hip,2,0,2,3,Y,0,246578
1396,12665,Pave,Timber,2005,2006,Hip,2,1,4,3,Y,0,281213
1397,57200,Pave,Timber,1948,1950,Gable,1,0,3,2,N,0,160000
1398,6120,Pave,BrkSide,1920,2004,Gable,1,1,4,1,N,0,137500
1399,7200,Pave,NAmes,1950,1982,Gable,1,1,3,1,Y,0,138000
1400,6171,Pave,SWISU,1925,1990,Gable,2,1,3,1,Y,0,137450
1401,6000,Pave,BrkSide,1929,1950,Gable,1,0,3,1,Y,0,120000
1402,7415,Pave,Gilbert,2004,2004,Gable,2,1,3,2,Y,0,193000
1403,6762,Pave,CollgCr,2006,2006,Gable,2,0,2,2,Y,0,193879
1404,15256,Pave,Somerst,2007,2007,Gable,2,0,3,3,Y,0,282922
1405,10410,Pave,OldTown,1915,1950,Gable,1,0,3,3,Y,0,105000
1406,3842,Pave,Crawfor,2004,2005,Hip,2,0,2,2,Y,0,275000
1407,8445,Pave,CollgCr,1972,2007,Gable,1,0,2,2,Y,0,133000
1408,8780,Pave,Mitchel,1985,1985,Gable,1,0,3,0,Y,0,112000
1409,7740,Pave,OldTown,1910,1950,Gable,1,0,3,2,Y,0,125500
1410,20544,Pave,NWAmes,1986,1991,Gable,2,1,3,2,Y,0,215000
1411,12420,Pave,CollgCr,2001,2001,Gable,2,1,3,2,Y,0,230000
1412,9600,Pave,NAmes,1950,2005,Gable,1,1,3,1,Y,0,140000
1413,7200,Pave,NAmes,1949,1950,Gable,2,0,2,2,Y,0,90000
1414,10994,Pave,SawyerW,2005,2006,Gable,2,0,2,2,Y,0,257000
1415,13053,Pave,BrkSide,1923,2000,Gambrel,1,1,4,2,N,0,207000
1416,3635,Pave,Blmngtn,2007,2007,Hip,2,0,1,3,Y,0,175900
1417,11340,Pave,OldTown,1885,1950,Gable,2,0,4,2,N,0,122500
1418,16545,Pave,NoRidge,1998,1998,Gable,2,1,3,3,Y,0,340000
1419,9204,Pave,NAmes,1963,1963,Gable,1,1,3,1,Y,0,124000
1420,16381,Pave,Crawfor,1969,1969,Gable,2,0,3,2,Y,0,223000
1421,11700,Pave,NWAmes,1968,1968,Gable,2,1,3,2,Y,0,179900
1422,4043,Pave,NPkVill,1977,1977,Gable,2,0,2,2,Y,0,127500
1423,4435,Pave,CollgCr,2003,2003,Gable,1,0,1,2,Y,0,136500
1424,19690,Pave,Edwards,1966,1966,Flat,2,0,4,2,Y,738,274970
1425,9503,Pave,NAmes,1958,1983,Hip,1,0,2,1,Y,0,144000
1426,10721,Pave,NAmes,1959,1959,Hip,1,0,3,2,Y,0,142000
1427,10944,Pave,NoRidge,1994,1994,Gable,2,1,3,2,Y,0,271000
1428,10930,Pave,NAmes,1945,1950,Gable,1,1,3,1,Y,0,140000
1429,7200,Pave,OldTown,1940,1992,Gable,1,0,2,1,Y,0,119000
1430,12546,Pave,NWAmes,1981,1981,Gable,2,0,3,2,Y,0,182900
1431,21930,Pave,Gilbert,2005,2005,Gable,2,1,4,2,Y,0,192140
1432,4928,Pave,NPkVill,1976,1976,Gable,2,0,2,2,Y,0,143750
1433,10800,Pave,OldTown,1927,2007,Gable,2,0,4,1,Y,0,64500
1434,10261,Pave,Gilbert,2000,2000,Gable,2,1,3,2,Y,0,186500
1435,17400,Pave,Mitchel,1977,1977,Gable,2,0,3,2,P,0,160000
1436,8400,Pave,NAmes,1962,2005,Gable,1,1,3,2,Y,0,174000
1437,9000,Pave,NAmes,1971,1971,Gable,1,0,3,2,Y,0,120500
1438,12444,Pave,NridgHt,2008,2008,Hip,2,0,2,3,Y,0,394617
1439,7407,Pave,OldTown,1957,1996,Gable,1,0,2,2,Y,0,149700
1440,11584,Pave,NWAmes,1979,1979,Hip,2,1,3,2,Y,0,197000
1441,11526,Pave,Crawfor,1922,1994,Gable,2,0,3,2,Y,0,191000
1442,4426,Pave,CollgCr,2004,2004,Gable,1,0,1,2,Y,0,149300
1443,11003,Pave,Somerst,2008,2008,Gable,2,1,3,3,Y,0,310000
1444,8854,Pave,BrkSide,1916,1950,Gable,1,0,2,1,P,0,121000
1445,8500,Pave,CollgCr,2004,2004,Gable,2,0,3,2,Y,0,179600
1446,8400,Pave,Sawyer,1966,1966,Gable,1,0,3,1,Y,0,129000
1447,26142,Pave,Mitchel,1962,1962,Gable,1,0,3,1,P,0,157900
1448,10000,Pave,CollgCr,1995,1996,Gable,2,1,3,2,Y,0,240000
1449,11767,Pave,Edwards,1910,2000,Gable,1,1,2,1,Y,0,112000
1450,1533,Pave,MeadowV,1970,1970,Gable,1,0,1,0,Y,0,92000
1451,9000,Pave,NAmes,1974,1974,Gable,2,2,4,0,Y,0,136000
1452,9262,Pave,Somerst,2008,2009,Gable,2,0,3,3,Y,0,287090
1453,3675,Pave,Edwards,2005,2005,Gable,1,0,2,2,Y,0,145000
1454,17217,Pave,Mitchel,2006,2006,Gable,1,0,3,0,Y,0,84500
1455,7500,Pave,Somerst,2004,2005,Gable,2,0,2,2,Y,0,185000
1456,7917,Pave,Gilbert,1999,2000,Gable,2,1,3,2,Y,0,175000
1457,13175,Pave,NWAmes,1978,1988,Gable,2,0,3,2,Y,0,210000
1458,9042,Pave,Crawfor,1941,2006,Gable,2,0,4,1,Y,0,266500
1459,9717,Pave,NAmes,1950,1996,Hip,1,0,2,1,Y,0,142125
1460,9937,Pave,Edwards,1965,1965,Gable,1,1,3,1,Y,0,147500
